key_id,year,lead_unit_code,lead_unit_name,funded,funding_status_group,amount,project_title,dare_faculty,dare_faculty_roles,dare_faculty_count,originating_sponsor,originating_sponsor_type,direct_sponsor,direct_sponsor_type
K000148348,2021,1177,Agricultural Biology,FALSE,Not funded or in progress,1176727.01,Integrated Education: Northeast Colorado Community Recovery to Resiliency in Rural Agriculture and Food Systems,"Clark, Nathan; Countryman, Amanda","Clark, Nathan [Co-PI]; Countryman, Amanda [Co-PI]",2,State of Colorado-Governor's Office,State of Colorado,State of Colorado-Governor's Office,State of Colorado
K000148878,2021,1177,Agricultural Biology,FALSE,Not funded or in progress,2920128.34,MIM: Microbial Game of Thrones: Mechanisms Governing the Colonization and Vanquishment of Aliens in Plant Environments,"Suter, Jordan","Suter, Jordan [Co-PI]",1,NSF-National Science Foundation,Federal,NSF-National Science Foundation,Federal
K000149750,2021,1177,Agricultural Biology,FALSE,Not funded or in progress,997987.28,Integrating Novel Maize Root Genetics with High Throughput Soil Analyses to Bring Carbon Farming to Scale,"Graff, Gregory; Mooney, Daniel","Graff, Gregory [Co-PI]; Mooney, Daniel [Co-PI]",2,Foundation for Food & Agriculture Research,Domestic Non-Profit (other than Domestic Foundations),Foundation for Food & Agriculture Research,Domestic Non-Profit (other than Domestic Foundations)
K000150300,2021,1177,Agricultural Biology,FALSE,Not funded or in progress,847334.5,Microbial Game of Thrones: Mechanisms Governing the Colonization and Vanquishment of Aliens in Plant Environments,"Suter, Jordan","Suter, Jordan [Co-PI]",1,USDA-NIFA-National Institute of Food and Agriculture,Federal,USDA-NIFA-National Institute of Food and Agriculture,Federal
K000164365,2025,1177,Agricultural Biology,FALSE,Not funded or in progress,749993.17,"Optimizing Habitat Design, Variety Selection, and Cultural Controls to Reduce Disease and Increase Producer Profits","Mooney, Daniel","Mooney, Daniel [Co-PI]",1,USDA-NIFA-National Institute of Food and Agriculture,Federal,USDA-NIFA-National Institute of Food and Agriculture,Federal
K000165261,2026,1177,Agricultural Biology,FALSE,Not funded or in progress,349999.76,Annual Living Mulches for Sustainable Weed Suppression and Soil Conservation in Western Colorado Vegetable Systems,"Mooney, Daniel","Mooney, Daniel [Co-PI]",1,USDA-NIFA-National Institute of Food and Agriculture,Federal,Montana State University,Other Domestic Higher Education
K000166679,2026,1177,Agricultural Biology,FALSE,Not funded or in progress,299999.75,Optimizing Chile Pepper Production Near Alfalfa: Integrated Strategies to Reduce Crop Losses and Increase Profitability,"Mooney, Daniel","Mooney, Daniel [Co-PI]",1,USDA-NIFA-National Institute of Food and Agriculture,Federal,USDA-NIFA-National Institute of Food and Agriculture,Federal
K000149350,2021,1171,Animal Sciences,TRUE,Funded,90000.99,Hayden School District RISE Fund,"Enns, Kellie","Enns, Kellie [Co-PI]",1,State of Colorado-Governor's Office,State of Colorado,Hayden School District,State of Colorado Other Local Government
K000150469,2021,1171,Animal Sciences,TRUE,Funded,349990.64,The Linked Education: Providing a Continuum of Experiences in Agricultural Industries and the Food System,"Enns, Kellie","Enns, Kellie [Co-PI]",1,Zoma Foundation,Domestic Foundations,Zoma Foundation,Domestic Foundations
K000155312,2023,1171,Animal Sciences,FALSE,Not funded or in progress,49999.83,Integrated Cattle-Corn Production Systems: Assessing the Utility of Virtual Fence Technology for the Implementation of Corn Stover Grazing by Cattle,"Ritten, John","Ritten, John [Co-PI]",1,Colorado Corn Administrative Committee,Domestic Non-Profit (other than Domestic Foundations),Colorado Corn Administrative Committee,Domestic Non-Profit (other than Domestic Foundations)
K000156068,2023,1171,Animal Sciences,FALSE,Not funded or in progress,4999982.69,"Accelerating Enteric Methane Reduction from US Beef Cattle via Genetics, Dietary Interventions, and Outreach and Engagement Strategies","DeLay, Nathan; Ritten, John","DeLay, Nathan [Co-PI]; Ritten, John [Co-PI]",2,USDA-NIFA-National Institute of Food and Agriculture,Federal,USDA-NIFA-National Institute of Food and Agriculture,Federal
K000157457,2023,1171,Animal Sciences,FALSE,Not funded or in progress,97932.95,Talking Sustainability in Animal Agriculture: A Co-Created Professional Development Program for Communication Skill Building and Educational Resource Development,"DeLay, Nathan","DeLay, Nathan [Co-PI]",1,USDA-NIFA-National Institute of Food and Agriculture,Federal,Montana State University,Other Domestic Higher Education
K000161070,2024,1171,Animal Sciences,TRUE,Funded,169355.54,Methane Reduction in Animal Agriculture,"Ritten, John","Ritten, John [Co-PI]",1,Colorado Department of Agriculture,State of Colorado,Colorado Department of Agriculture,State of Colorado
K000160171,2024,1171,Animal Sciences,FALSE,Not funded or in progress,649999.46,A Path to Reducing Food Waste: Overcoming US Consumer Hesitation Towards Vacuum-Packaged Beef,"Countryman, Amanda","Countryman, Amanda [Co-PI]",1,USDA-NIFA-National Institute of Food and Agriculture,Federal,USDA-NIFA-National Institute of Food and Agriculture,Federal
K000160793,2024,1171,Animal Sciences,FALSE,Not funded or in progress,998950.74,"Effects of genetics and dietary manipulation on greenhouse-gas emissions, ruminal microbiome, growth performance, and carcass and meat quality of beef cattle","Ritten, John","Ritten, John [Co-PI]",1,USDA-NIFA-National Institute of Food and Agriculture,Federal,USDA-NIFA-National Institute of Food and Agriculture,Federal
K000160898,2024,1171,Animal Sciences,FALSE,Not funded or in progress,349712.2,Coupling precision livestock management (PLM) and emissions measurement technologies to develop sustainable management strategies in the western Great Plains,"DeLay, Nathan","DeLay, Nathan [Co-PI]",1,USDA-NIFA-National Institute of Food and Agriculture,Federal,Montana State University,Other Domestic Higher Education
K000163523,2025,1171,Animal Sciences,TRUE,Funded,105468.08,Sustainability assessment of terminal beef production using beef & dairy or straightbred dairy calves,"DeLay, Nathan","DeLay, Nathan [Co-PI]",1,"Dairy Management, Inc.",Domestic Non-Profit (other than Domestic Foundations),"Dairy Management, Inc.",Domestic Non-Profit (other than Domestic Foundations)
K000163709,2025,1171,Animal Sciences,FALSE,Not funded or in progress,649867.83,Overcoming US Consumer Hesitation Towards Vacuum-Packaged Beef,"Countryman, Amanda","Countryman, Amanda [Co-PI]",1,USDA-NIFA-National Institute of Food and Agriculture,Federal,USDA-NIFA-National Institute of Food and Agriculture,Federal
K000164715,2025,1171,Animal Sciences,FALSE,Not funded or in progress,2223843.95,Enhancing Resilience of our Food and Agricultural Systems through Workforce Development,"Enns, Kellie; Thilmany, Dawn","Enns, Kellie [Co-PI]; Thilmany, Dawn [Co-PI]",2,DE-US Department of Education,Federal,DE-US Department of Education,Federal
K000148125,2021,1173,Horticulture + Landscape Architecture,FALSE,Not funded or in progress,9989765.94,Systems for Optimizing Agriculture for People (SOAP): Utilizing Technology and Innovation for Bridging Urban-Rural Foodsheds,"Berning, Joshua","Berning, Joshua [Co-PI]",1,USDA-NIFA-National Institute of Food and Agriculture,Federal,USDA-NIFA-National Institute of Food and Agriculture,Federal
K000152035,2022,1173,Horticulture + Landscape Architecture,FALSE,Not funded or in progress,423600,"Agrivoltaics Supplying Urban Food Systems, Willingness to Pay, and Food/Energy System Modeling Impacts","Burkhardt, Jesse","Burkhardt, Jesse [Co-PI]",1,Foundation for Food & Agriculture Research,Domestic Non-Profit (other than Domestic Foundations),Foundation for Food & Agriculture Research,Domestic Non-Profit (other than Domestic Foundations)
K000164097,2025,1173,Horticulture + Landscape Architecture,FALSE,Not funded or in progress,649972.21,"Leveraging Microclimates: Enhancing Small Farm Profitability through Shade-Tolerant, High-Value Small Fruits","Thilmany, Dawn","Thilmany, Dawn [Co-PI]",1,USDA-NIFA-National Institute of Food and Agriculture,Federal,USDA-NIFA-National Institute of Food and Agriculture,Federal
K000165669,2026,1173,Horticulture + Landscape Architecture,FALSE,Not funded or in progress,3485160.93,"Resilient Organic Systems for the West: Data-Driven Solutions for Enhanced Production, Storage, and Economic Vitality in Potatoes and Onions","Thilmany, Dawn","Thilmany, Dawn [Co-PI]",1,USDA-NIFA-National Institute of Food and Agriculture,Federal,USDA-NIFA-National Institute of Food and Agriculture,Federal
K000149953,2021,1170,Soil + Crop Sciences,TRUE,Funded,256724.88,Student Driven Precision Tools for Sustaining Crop Water Resources and Soil Health,"Clark, Nathan; Enns, Kellie","Clark, Nathan [Co-PI]; Enns, Kellie [Co-PI]",2,CHS Foundation,Domestic Foundations,CHS Foundation,Domestic Foundations
K000148958,2021,1170,Soil + Crop Sciences,FALSE,Not funded or in progress,10000000.43,"Optimizing Carbon Management for Regenerative Crop and Livestock Systems through Integrated Biogeochemical, Social, and Economic Analyses","Hoag, Dana; Manning, Dale","Hoag, Dana [Co-PI]; Manning, Dale [Co-PI]",2,USDA-NIFA-National Institute of Food and Agriculture,Federal,USDA-NIFA-National Institute of Food and Agriculture,Federal
K000153284,2022,1170,Soil + Crop Sciences,TRUE,Funded,999999.73,"The Soil Carbon Solutions Center: Enhancing Livelihoods and Mitigating Climate Change through Cutting-Edge Research, Tools, and Implementation","Manning, Dale","Manning, Dale [Co-PI]",1,DOC-NIST-Nat. Inst. Standards and Tech..,Federal,DOC-NIST-Nat. Inst. Standards and Tech..,Federal
K000152146,2022,1170,Soil + Crop Sciences,FALSE,Not funded or in progress,8145914.93,"Multi-Regional Pilots, Incentives and Markets for Climate-Smart Beef and Silvopasture in Support of GHG/Soil Health Investigation in United States Grazing Lands","Manning, Dale","Manning, Dale [Co-PI]",1,USDA-NRCS-Natural Resources Consvtn Srv,Federal,Noble Research Institute,Domestic Non-Profit (other than Domestic Foundations)
K000152552,2022,1170,Soil + Crop Sciences,FALSE,Not funded or in progress,1495664.63,Incentivizing Climate Smart Commodities with a Robust MMRV Platform,"Manning, Dale","Manning, Dale [Co-PI]",1,USDA-NRCS-Natural Resources Consvtn Srv,Federal,North Carolina State University,Other Domestic Higher Education
K000153236,2022,1170,Soil + Crop Sciences,FALSE,Not funded or in progress,1820617.98,Testing Agricultural Performance Solutions to Advance Climate Smart Crop Production in the U.S. Central Plains,"Manning, Dale","Manning, Dale [Co-PI]",1,USDA-NIFA-National Institute of Food and Agriculture,Federal,Oklahoma State University,Other Domestic Higher Education
