direct_sponsor,direct_sponsor_type,proposals,awards,award_dollars,average_award_amount,observed_funded_share,first_year,last_year,years_represented,originating_sponsors,federal_awards,federal_award_dollars,dare_proposals,dare_awards,dare_award_dollars,federal_share_of_award_dollars,dare_share_of_award_dollars,top_originating_sponsor,top_originating_sponsor_awards,top_originating_sponsor_dollars
The Ohio State University,Other Domestic Higher Education,6,3,3195012.49,1065004.1633333333,0.5,2021,2025,4,6,3,3195012.49,1,1,60170.9,1,0.018832758929214703,USDA-NIFA-National Institute of Food and Agriculture,1,2946168.56
Kansas State University,Other Domestic Higher Education,21,14,2042147.52,145867.68,0.6666666666666666,2021,2026,6,5,11,1943145.69,2,1,61375.67,0.9515207255938102,0.030054474223292153,DOS-AID-Agency for Inter. Development,2,959855.0900000001
Cornell University,Other Domestic Higher Education,5,4,1689041.6700000002,422260.41750000004,0.8,2021,2024,4,3,4,1689041.6700000002,1,1,37733.41,1,0.022340129713910493,DOS-AID-Agency for Inter. Development,3,1651308.26
Texas A and M University,Other Domestic Higher Education,16,5,1674928.88,334985.77599999995,0.3125,2021,2026,6,4,5,1674928.88,5,3,75652.88,1,0.04516781631946069,USDA-NIFA-National Institute of Food and Agriculture,2,1599276
Montana State University,Other Domestic Higher Education,32,11,1205755.4,109614.12727272726,0.34375,2021,2026,6,3,11,1205755.4,0,0,0,1,0,USDA-NIFA-National Institute of Food and Agriculture,10,1188505.57
"University of California, Davis",Other Domestic Higher Education,12,7,936953.9199999999,133850.56,0.5833333333333334,2021,2025,5,5,6,696952.88,1,0,0,0.7438496868661375,0,USDA-NIFA-National Institute of Food and Agriculture,6,696952.88
University of Colorado,State of Colorado Higher Education,1,1,899541.97,899541.97,1,2022,2022,1,1,1,899541.97,0,0,0,1,0,DOD-US Department of Defense,1,899541.97
Washington State University,Other Domestic Higher Education,8,4,549963.56,137490.89,0.5,2021,2025,5,1,4,549963.56,3,3,249961.3,1,0.45450520394478494,USDA-NIFA-National Institute of Food and Agriculture,4,549963.56
"University of California, Riverside",Other Domestic Higher Education,6,1,499294.9,499294.9,0.16666666666666666,2021,2026,3,4,1,499294.9,0,0,0,1,0,DOE-US Department of Energy,1,499294.9
North Carolina State University,Other Domestic Higher Education,7,3,467499.4,155833.13333333333,0.42857142857142855,2021,2026,5,3,0,0,1,0,0,0,0,Foundation for Food & Agriculture Research,3,467499.4
Utah State University,Other Domestic Higher Education,4,1,457037.14,457037.14,0.25,2021,2026,3,3,1,457037.14,2,1,457037.14,1,1,USDA-NIFA-National Institute of Food and Agriculture,1,457037.14
University of Minnesota,Other Domestic Higher Education,4,4,390280.92,97570.23,1,2021,2025,4,2,4,390280.92,3,3,144913.66,1,0.3713060325880138,USDA-NIFA-National Institute of Food and Agriculture,2,320285.96
University of Delaware,Other Domestic Higher Education,1,1,321994.12,321994.12,1,2022,2022,1,1,1,321994.12,0,0,0,1,0,USDA-NIFA-National Institute of Food and Agriculture,1,321994.12
University of New Hampshire,Other Domestic Higher Education,2,1,315600.93,315600.93,0.5,2022,2025,2,2,1,315600.93,0,0,0,1,0,DOE-US Department of Energy,1,315600.93
University of Nebraska,Other Domestic Higher Education,11,3,308551.32999999996,102850.44333333331,0.2727272727272727,2021,2026,5,4,3,308551.32999999996,0,0,0,1,0,NASA-National Aeronautics and Space Administration,1,199979.27
California State University Monterey Bay,Other Domestic Higher Education,2,1,232963.78,232963.78,0.5,2022,2023,2,2,1,232963.78,0,0,0,1,0,USDA-NIFA-National Institute of Food and Agriculture,1,232963.78
South Dakota State University,Other Domestic Higher Education,6,2,226149.71000000002,113074.85500000001,0.3333333333333333,2021,2025,5,2,1,89720.3,0,0,0,0.39672967080081595,0,National Buffalo Foundation,1,136429.41
University of Connecticut,Other Domestic Higher Education,4,1,215978.37,215978.37,0.25,2023,2025,3,1,1,215978.37,0,0,0,1,0,USDA-NIFA-National Institute of Food and Agriculture,1,215978.37
Michigan State University,Other Domestic Higher Education,5,1,200696.38,200696.38,0.2,2021,2026,4,3,1,200696.38,0,0,0,1,0,USDA-NIFA-National Institute of Food and Agriculture,1,200696.38
New Mexico State University,Other Domestic Higher Education,2,1,187334.13,187334.13,0.5,2021,2022,2,2,1,187334.13,0,0,0,1,0,USDA-NIFA-National Institute of Food and Agriculture,1,187334.13
University of Colorado at Denver,State of Colorado Higher Education,7,6,165392.08000000002,27565.346666666668,0.8571428571428571,2021,2024,4,4,3,42570.23,3,3,122821.85,0.2573897734401792,0.7426102265598207,Colorado Department of Public Health and Environment,3,122821.85
"University of California, Berkeley",Other Domestic Higher Education,2,1,134995.49,134995.49,0.5,2022,2025,2,2,0,0,0,0,0,0,0,State of California,1,134995.49
Texas Tech University,Other Domestic Higher Education,5,2,133009.49,66504.745,0.4,2021,2025,3,4,0,0,0,0,0,0,0,Foundation for Food & Agriculture Research,1,106422.49
Colorado School of Public Health Center for Global Health,State of Colorado Higher Education,3,1,127039.86,127039.86,0.3333333333333333,2021,2023,2,1,0,0,3,1,127039.86,0,1,Colorado Department of Public Health and Environment,1,127039.86
Virginia Tech University,Other Domestic Higher Education,2,1,119617.28,119617.28,0.5,2023,2026,2,1,1,119617.28,0,0,0,1,0,USDA-NIFA-National Institute of Food and Agriculture,1,119617.28
University of Wyoming,Other Domestic Higher Education,5,3,117893.66,39297.886666666665,0.6,2021,2025,2,4,2,112093.67,3,2,112093.67,0.9508032068900057,0.9508032068900057,NSF-National Science Foundation,1,75080.14
University of Maryland,Other Domestic Higher Education,1,1,107550.99,107550.99,1,2023,2023,1,1,1,107550.99,1,1,107550.99,1,1,USDA-NIFA-National Institute of Food and Agriculture,1,107550.99
Purdue University,Other Domestic Higher Education,1,1,92882.34,92882.34,1,2021,2021,1,1,1,92882.34,1,1,92882.34,1,1,USDA-NIFA-National Institute of Food and Agriculture,1,92882.34
University of Tennessee,Other Domestic Higher Education,2,2,81253.84,40626.92,1,2021,2021,1,2,1,32899.99,2,2,81253.84,0.4049038174688113,1,PEW Charitable Trusts,1,48353.85
University of Kentucky,Other Domestic Higher Education,2,1,79906.37,79906.37,0.5,2024,2025,2,1,1,79906.37,2,1,79906.37,1,1,USDA-NIFA-National Institute of Food and Agriculture,1,79906.37
Oregon State University,Other Domestic Higher Education,9,3,60500.47,20166.823333333334,0.3333333333333333,2021,2025,5,2,3,60500.47,0,0,0,1,0,USDA-NIFA-National Institute of Food and Agriculture,3,60500.47
Southern Illinois University Edwardsville,Other Domestic Higher Education,1,1,57270.18,57270.18,1,2021,2021,1,1,1,57270.18,0,0,0,1,0,NSF-National Science Foundation,1,57270.18
University of Idaho,Other Domestic Higher Education,3,1,57000,57000,0.3333333333333333,2022,2026,2,2,0,0,2,1,57000,0,1,National Cattlemens Beef Association,1,57000
Washington University in St. Louis,Other Domestic Higher Education,1,1,54994.77,54994.77,1,2024,2024,1,1,0,0,1,1,54994.77,0,1,Tufts University,1,54994.77
Arizona State University,Other Domestic Higher Education,3,2,40720.31,20360.155,0.6666666666666666,2021,2023,2,1,2,40720.31,3,2,40720.31,1,1,USDA-NIFA-National Institute of Food and Agriculture,2,40720.31
American University,Other Domestic Higher Education,1,1,30973.34,30973.34,1,2024,2024,1,1,0,0,0,0,0,0,0,Environmental Defense Fund,1,30973.34
University of Nevada Reno,Other Domestic Higher Education,2,1,28051.24,28051.24,0.5,2021,2022,2,2,1,28051.24,1,1,28051.24,1,1,USDA-NIFA-National Institute of Food and Agriculture,1,28051.24
University of Arkansas,Other Domestic Higher Education,2,1,26680.91,26680.91,0.5,2022,2024,2,2,1,26680.91,0,0,0,1,0,USDA-ARS-Agricultural Research Service,1,26680.91
New York University,Other Domestic Higher Education,1,1,25000.16,25000.16,1,2023,2023,1,1,1,25000.16,1,1,25000.16,1,1,USDA-ERS-Economic Research Service,1,25000.16
Auburn University,Other Domestic Higher Education,1,0,0,NA,0,2025,2025,1,1,0,0,1,0,0,NA,NA,NA,NA,NA
California Institute of Technology/Jet Propulsion Lab,Other Domestic Higher Education,1,0,0,NA,0,2023,2023,1,1,0,0,0,0,0,NA,NA,NA,NA,NA
Case Western Reserve University,Other Domestic Higher Education,1,0,0,NA,0,2026,2026,1,1,0,0,0,0,0,NA,NA,NA,NA,NA
Clemson University,Other Domestic Higher Education,1,0,0,NA,0,2022,2022,1,1,0,0,0,0,0,NA,NA,NA,NA,NA
Colorado School of Mines,State of Colorado Higher Education,2,0,0,NA,0,2023,2025,2,2,0,0,0,0,0,NA,NA,NA,NA,NA
Georgia Southern University,Other Domestic Higher Education,1,0,0,NA,0,2025,2025,1,1,0,0,0,0,0,NA,NA,NA,NA,NA
Iowa State University,Other Domestic Higher Education,6,0,0,NA,0,2022,2025,4,1,0,0,0,0,0,NA,NA,NA,NA,NA
Louisiana State University,Other Domestic Higher Education,2,0,0,NA,0,2023,2024,2,1,0,0,2,0,0,NA,NA,NA,NA,NA
North Dakota State University,Other Domestic Higher Education,1,0,0,NA,0,2025,2025,1,1,0,0,1,0,0,NA,NA,NA,NA,NA
Oklahoma State University,Other Domestic Higher Education,4,0,0,NA,0,2021,2022,2,1,0,0,0,0,0,NA,NA,NA,NA,NA
Pennsylvania State University,Other Domestic Higher Education,4,0,0,NA,0,2021,2025,3,3,0,0,2,0,0,NA,NA,NA,NA,NA
Sam Houston State University,Other Domestic Higher Education,1,0,0,NA,0,2026,2026,1,1,0,0,0,0,0,NA,NA,NA,NA,NA
University at Buffalo-The State University of New York,Other Domestic Higher Education,2,0,0,NA,0,2023,2024,2,1,0,0,0,0,0,NA,NA,NA,NA,NA
University of Antwerp,Foreign Higher Education,1,0,0,NA,0,2026,2026,1,1,0,0,0,0,0,NA,NA,NA,NA,NA
University of Arizona,Other Domestic Higher Education,1,0,0,NA,0,2022,2022,1,1,0,0,0,0,0,NA,NA,NA,NA,NA
University of Arkansas for Medical Sciences,Other Domestic Higher Education,1,0,0,NA,0,2021,2021,1,1,0,0,0,0,0,NA,NA,NA,NA,NA
University of Cincinnati,Other Domestic Higher Education,1,0,0,NA,0,2021,2021,1,1,0,0,0,0,0,NA,NA,NA,NA,NA
University of Colorado Anschutz Medical Campus,State of Colorado Higher Education,1,0,0,NA,0,2025,2025,1,1,0,0,0,0,0,NA,NA,NA,NA,NA
University of Florida,Other Domestic Higher Education,2,0,0,NA,0,2021,2025,2,1,0,0,0,0,0,NA,NA,NA,NA,NA
University of Georgia,Other Domestic Higher Education,4,0,0,NA,0,2021,2024,3,1,0,0,0,0,0,NA,NA,NA,NA,NA
University of Illinois,Other Domestic Higher Education,1,0,0,NA,0,2021,2021,1,1,0,0,0,0,0,NA,NA,NA,NA,NA
University of Missouri,Other Domestic Higher Education,5,0,0,NA,0,2021,2026,3,2,0,0,0,0,0,NA,NA,NA,NA,NA
University of Northern Colorado,State of Colorado Higher Education,1,0,0,NA,0,2021,2021,1,1,0,0,0,0,0,NA,NA,NA,NA,NA
University of Vermont,Other Domestic Higher Education,2,0,0,NA,0,2021,2022,2,1,0,0,2,0,0,NA,NA,NA,NA,NA
Virginia Polytechnic Institute,Other Domestic Higher Education,2,0,0,NA,0,2025,2025,1,1,0,0,0,0,0,NA,NA,NA,NA,NA
West Virginia University,Other Domestic Higher Education,1,0,0,NA,0,2023,2023,1,1,0,0,0,0,0,NA,NA,NA,NA,NA
Yale University,Other Domestic Higher Education,1,0,0,NA,0,2024,2024,1,1,0,0,1,0,0,NA,NA,NA,NA,NA
