venue,journal_norm,type,index_class,index_class_rule,journal_in_if_workbook,journal_has_impact_factor,if_match_rule,n_faculty_publication_rows
Applied Economic Perspectives and Policy,applied economic perspectives policy,JA,a,Journal has at least one populated IF_2021-IF_2026 value,TRUE,TRUE,Exact journal-year,24
American Journal of Agricultural Economics,american journal agricultural economics,JA,a,Journal has at least one populated IF_2021-IF_2026 value,TRUE,TRUE,Exact journal-year,10
Rangeland Ecology & Management,rangeland ecology management,JA,a,Journal has at least one populated IF_2021-IF_2026 value,TRUE,TRUE,Exact journal-year,10
Food Policy,food policy,JA,a,Journal has at least one populated IF_2021-IF_2026 value,TRUE,TRUE,Exact journal-year,8
Resource and Energy Economics,resource energy economics,JA,a,Journal has at least one populated IF_2021-IF_2026 value,TRUE,TRUE,Exact journal-year,6
Journal of Agricultural and Resource Economics,journal agricultural resource economics,JA,a,Journal has at least one populated IF_2021-IF_2026 value,TRUE,TRUE,Exact journal-year,5
Agribusiness: An International Journal,agribusiness international journal,JA,a,Journal has at least one populated IF_2021-IF_2026 value,TRUE,TRUE,Exact journal-year,4
Climatic Change,climatic change,JA,a,Journal has at least one populated IF_2021-IF_2026 value,TRUE,TRUE,Exact journal-year,4
Journal of Animal Science,journal animal science,JA,a,Journal has at least one populated IF_2021-IF_2026 value,TRUE,TRUE,Exact journal-year,4
PLOS ONE,plos one,JA,a,Journal has at least one populated IF_2021-IF_2026 value,TRUE,TRUE,Exact journal-year,4
Translational Animal Science,translational animal science,JA,a,Journal has at least one populated IF_2021-IF_2026 value,TRUE,TRUE,Exact journal-year,4
Water Resources Research,water resources research,JA,a,Journal has at least one populated IF_2021-IF_2026 value,TRUE,TRUE,Exact journal-year,4
Annual Review of Resource Economics,annual review resource economics,JA,a,Journal has at least one populated IF_2021-IF_2026 value,TRUE,TRUE,Exact journal-year,3
Environmental Research Letters,environmental research letters,JA,a,Journal has at least one populated IF_2021-IF_2026 value,TRUE,TRUE,Exact journal-year,3
Frontiers in Veterinary Science,frontiers in veterinary science,JA,a,Journal has at least one populated IF_2021-IF_2026 value,TRUE,TRUE,Exact journal-year,3
Journal of School Health,journal school health,JA,a,Journal has at least one populated IF_2021-IF_2026 value,TRUE,TRUE,Exact journal-year,3
Land Economics,land economics,JA,a,Journal has at least one populated IF_2021-IF_2026 value,TRUE,TRUE,Exact journal-year,3
Agricultural Water Management,agricultural water management,JA,a,Journal has at least one populated IF_2021-IF_2026 value,TRUE,TRUE,Exact journal-year,2
BioScience,bioscience,JA,a,Journal has at least one populated IF_2021-IF_2026 value,TRUE,TRUE,Exact journal-year,2
Economic Development Quarterly,economic development quarterly,JA,a,Journal has at least one populated IF_2021-IF_2026 value,TRUE,TRUE,Exact journal-year,2
Ecosystem Services,ecosystem services,JA,a,Journal has at least one populated IF_2021-IF_2026 value,TRUE,TRUE,Exact journal-year,2
Energy Economics,energy economics,JA,a,Journal has at least one populated IF_2021-IF_2026 value,TRUE,TRUE,Exact journal-year,2
Environmental Research: Health,environmental research health,JA,a,Journal has at least one populated IF_2021-IF_2026 value,TRUE,TRUE,Exact journal-year,2
Experimental Economics,experimental economics,JA,a,Journal has at least one populated IF_2021-IF_2026 value,TRUE,TRUE,Exact journal-year,2
Journal of Development Economics,journal development economics,JA,a,Journal has at least one populated IF_2021-IF_2026 value,TRUE,TRUE,Exact journal-year,2
Journal of Environmental Quality,journal environmental quality,JA,a,Journal has at least one populated IF_2021-IF_2026 value,TRUE,TRUE,Exact journal-year,2
Journal of Wine Economics,journal wine economics,JA,a,Journal has at least one populated IF_2021-IF_2026 value,TRUE,TRUE,Exact journal-year,2
Journal of the Association of Environmental and Resource Economists,journal association environmental resource economists,JA,a,Journal has at least one populated IF_2021-IF_2026 value,TRUE,TRUE,Exact journal-year,2
Renewable Agriculture and Food Systems,renewable agriculture food systems,JA,a,Journal has at least one populated IF_2021-IF_2026 value,TRUE,TRUE,Exact journal-year,2
Science,science,JA,a,Journal has at least one populated IF_2021-IF_2026 value,TRUE,TRUE,Exact journal-year,2
Scientific Reports,scientific reports,JA,a,Journal has at least one populated IF_2021-IF_2026 value,TRUE,TRUE,Exact journal-year,2
Society & Natural Resources,society natural resources,JA,a,Journal has at least one populated IF_2021-IF_2026 value,TRUE,TRUE,Exact journal-year,2
Sustainability,sustainability,JA,a,Journal has at least one populated IF_2021-IF_2026 value,TRUE,TRUE,Exact journal-year,2
WIREs Water,wires water,JA,a,Journal has at least one populated IF_2021-IF_2026 value,TRUE,TRUE,Exact journal-year,2
Water Resources and Economics,water resources economics,JA,a,Journal has at least one populated IF_2021-IF_2026 value,TRUE,TRUE,Exact journal-year,2
Agricultural and Resource Economics Review,agricultural resource economics review,JA,a,Journal has at least one populated IF_2021-IF_2026 value,TRUE,TRUE,Exact journal-year,1
Applied Economics,applied economics,JA,a,Journal has at least one populated IF_2021-IF_2026 value,TRUE,TRUE,Exact journal-year,1
Building and Environment,building environment,JA,a,Journal has at least one populated IF_2021-IF_2026 value,TRUE,TRUE,Exact journal-year,1
Conservation Science and Practice,conservation science practice,JA,a,Journal has at least one populated IF_2021-IF_2026 value,TRUE,TRUE,Exact journal-year,1
Ecosphere,ecosphere,JA,a,Journal has at least one populated IF_2021-IF_2026 value,TRUE,TRUE,Exact journal-year,1
Emerging Infectious Diseases,emerging infectious diseases,JA,a,Journal has at least one populated IF_2021-IF_2026 value,TRUE,TRUE,Exact journal-year,1
Environmental Research Communications,environmental research communications,JA,a,Journal has at least one populated IF_2021-IF_2026 value,TRUE,TRUE,Exact journal-year,1
Environmental and Resource Economics,environmental resource economics,JA,a,Journal has at least one populated IF_2021-IF_2026 value,TRUE,TRUE,Exact journal-year,1
Food and Humanity,food humanity,JA,a,Journal has at least one populated IF_2021-IF_2026 value,TRUE,TRUE,Exact journal-year,1
Foods,foods,JA,a,Journal has at least one populated IF_2021-IF_2026 value,TRUE,TRUE,Exact journal-year,1
Forest Policy and Economics,forest policy economics,JA,a,Journal has at least one populated IF_2021-IF_2026 value,TRUE,TRUE,Exact journal-year,1
Frontiers in Climate,frontiers in climate,JA,a,Journal has at least one populated IF_2021-IF_2026 value,TRUE,TRUE,Exact journal-year,1
GeoHealth,geohealth,JA,a,Journal has at least one populated IF_2021-IF_2026 value,TRUE,TRUE,Exact journal-year,1
Harvard Data Science Review,harvard data science review,JA,a,Journal has at least one populated IF_2021-IF_2026 value,TRUE,TRUE,Exact journal-year,1
HortScience,hortscience,JA,a,Journal has at least one populated IF_2021-IF_2026 value,TRUE,TRUE,Exact journal-year,1
Human Dimensions of Wildlife,human dimensions wildlife,JA,a,Journal has at least one populated IF_2021-IF_2026 value,TRUE,TRUE,Exact journal-year,1
International Food and Agribusiness Management Review,international food agribusiness management review,JA,a,Journal has at least one populated IF_2021-IF_2026 value,TRUE,TRUE,Exact journal-year,1
International Journal of Production Economics,international journal production economics,JA,a,Journal has at least one populated IF_2021-IF_2026 value,TRUE,TRUE,Exact journal-year,1
Journal of Agricultural Economics,journal agricultural economics,JA,a,Journal has at least one populated IF_2021-IF_2026 value,TRUE,TRUE,Exact journal-year,1
Journal of Behavioral and Experimental Economics,journal behavioral experimental economics,JA,a,Journal has at least one populated IF_2021-IF_2026 value,TRUE,TRUE,Exact journal-year,1
Journal of Cleaner Production,journal cleaner production,JA,a,Journal has at least one populated IF_2021-IF_2026 value,TRUE,TRUE,Exact journal-year,1
Journal of Development Effectiveness,journal development effectiveness,JA,a,Journal has at least one populated IF_2021-IF_2026 value,TRUE,TRUE,Exact journal-year,1
Journal of Environmental Economics and Management,journal environmental economics management,JA,a,Journal has at least one populated IF_2021-IF_2026 value,TRUE,TRUE,Exact journal-year,1
Journal of Environmental Management,journal environmental management,JA,a,Journal has at least one populated IF_2021-IF_2026 value,TRUE,TRUE,Exact journal-year,1
Journal of Geophysical Research: Atmospheres,journal geophysical research atmospheres,JA,a,Journal has at least one populated IF_2021-IF_2026 value,TRUE,TRUE,Exact journal-year,1
Journal of Modelling in Management,journal modelling in management,JA,a,Journal has at least one populated IF_2021-IF_2026 value,TRUE,TRUE,Exact journal-year,1
Journal of the Academy of Marketing Science,journal academy marketing science,JA,a,Journal has at least one populated IF_2021-IF_2026 value,TRUE,TRUE,Exact journal-year,1
Meat Science,meat science,JA,a,Journal has at least one populated IF_2021-IF_2026 value,TRUE,TRUE,Exact journal-year,1
Medical Decision Making,medical decision making,JA,a,Journal has at least one populated IF_2021-IF_2026 value,TRUE,TRUE,Exact journal-year,1
Nature Communications,nature communications,JA,a,Journal has at least one populated IF_2021-IF_2026 value,TRUE,TRUE,Exact journal-year,1
Nature Ecology and Evolution,nature ecology evolution,JA,a,Journal has at least one populated IF_2021-IF_2026 value,TRUE,TRUE,Exact journal-year,1
PLOS Water,plos water,JA,a,Journal has at least one populated IF_2021-IF_2026 value,TRUE,TRUE,Exact journal-year,1
Precision Agriculture,precision agriculture,JA,a,Journal has at least one populated IF_2021-IF_2026 value,TRUE,TRUE,Exact journal-year,1
Preventive Veterinary Medicine,preventive veterinary medicine,JA,a,Journal has at least one populated IF_2021-IF_2026 value,TRUE,TRUE,Exact journal-year,1
Resources Conservation and Recycling,resources conservation recycling,JA,a,Journal has at least one populated IF_2021-IF_2026 value,TRUE,TRUE,Exact journal-year,1
Small Ruminant Research,small ruminant research,JA,a,Journal has at least one populated IF_2021-IF_2026 value,TRUE,TRUE,Exact journal-year,1
Trees Forests and People,trees forests people,JA,a,Journal has at least one populated IF_2021-IF_2026 value,TRUE,TRUE,Exact journal-year,1
World Development,world development,JA,a,Journal has at least one populated IF_2021-IF_2026 value,TRUE,TRUE,Exact journal-year,1
Contemporary Economic Policy,contemporary economic policy,JA,a,Journal has at least one populated IF_2021-IF_2026 value,TRUE,TRUE,Nearest year (2021),2
Empirical Economics,empirical economics,JA,a,Journal has at least one populated IF_2021-IF_2026 value,TRUE,TRUE,Nearest year (2021),1
Environmental and Resource Economics,environmental resource economics,JA,a,Journal has at least one populated IF_2021-IF_2026 value,TRUE,TRUE,Nearest year (2021),1
Review of Industrial Organization,review industrial organization,JA,a,Journal has at least one populated IF_2021-IF_2026 value,TRUE,TRUE,Nearest year (2021),1
American Journal of Agricultural Economics,american journal agricultural economics,JA,a,Journal has at least one populated IF_2021-IF_2026 value,TRUE,TRUE,Nearest year (2022),5
Applied Economic Perspectives and Policy,applied economic perspectives policy,JA,a,Journal has at least one populated IF_2021-IF_2026 value,TRUE,TRUE,Nearest year (2022),5
Journal of Agricultural and Resource Economics,journal agricultural resource economics,JA,a,Journal has at least one populated IF_2021-IF_2026 value,TRUE,TRUE,Nearest year (2022),4
Renewable Agriculture and Food Systems,renewable agriculture food systems,JA,a,Journal has at least one populated IF_2021-IF_2026 value,TRUE,TRUE,Nearest year (2022),3
Water Resources and Economics,water resources economics,JA,a,Journal has at least one populated IF_2021-IF_2026 value,TRUE,TRUE,Nearest year (2022),3
Australian Journal of Agricultural and Resource Economics,australian journal agricultural resource economics,JA,a,Journal has at least one populated IF_2021-IF_2026 value,TRUE,TRUE,Nearest year (2022),2
Food Security,food security,JA,a,Journal has at least one populated IF_2021-IF_2026 value,TRUE,TRUE,Nearest year (2022),2
Global Ecology and Conservation,global ecology conservation,JA,a,Journal has at least one populated IF_2021-IF_2026 value,TRUE,TRUE,Nearest year (2022),2
Science of the Total Environment,science total environment,JA,a,Journal has at least one populated IF_2021-IF_2026 value,TRUE,TRUE,Nearest year (2022),2
British Food Journal,british food journal,JA,a,Journal has at least one populated IF_2021-IF_2026 value,TRUE,TRUE,Nearest year (2022),1
Climatic Change,climatic change,JA,a,Journal has at least one populated IF_2021-IF_2026 value,TRUE,TRUE,Nearest year (2022),1
Conservation Letters,conservation letters,JA,a,Journal has at least one populated IF_2021-IF_2026 value,TRUE,TRUE,Nearest year (2022),1
Forest Policy and Economics,forest policy economics,JA,a,Journal has at least one populated IF_2021-IF_2026 value,TRUE,TRUE,Nearest year (2022),1
Invasive Plant Science and Management,invasive plant science management,JA,a,Journal has at least one populated IF_2021-IF_2026 value,TRUE,TRUE,Nearest year (2022),1
Journal of Cleaner Production,journal cleaner production,JA,a,Journal has at least one populated IF_2021-IF_2026 value,TRUE,TRUE,Nearest year (2022),1
Journal of Environmental Management,journal environmental management,JA,a,Journal has at least one populated IF_2021-IF_2026 value,TRUE,TRUE,Nearest year (2022),1
Journal of Forestry,journal forestry,JA,a,Journal has at least one populated IF_2021-IF_2026 value,TRUE,TRUE,Nearest year (2022),1
Management Science,management science,JA,a,Journal has at least one populated IF_2021-IF_2026 value,TRUE,TRUE,Nearest year (2022),1
Proceedings of the National Academy of Sciences,proceedings national academy sciences,JA,a,Journal has at least one populated IF_2021-IF_2026 value,TRUE,TRUE,Nearest year (2022),1
Agricultural Finance Review,agricultural finance review,JA,a,Journal has at least one populated IF_2021-IF_2026 value,TRUE,TRUE,Nearest year (2024),7
Journal of the Association of Environmental and Resource Economists,journal association environmental resource economists,JA,a,Journal has at least one populated IF_2021-IF_2026 value,TRUE,TRUE,Nearest year (2024),4
Regional Studies,regional studies,JA,a,Journal has at least one populated IF_2021-IF_2026 value,TRUE,TRUE,Nearest year (2024),4
Current Developments in Nutrition,current developments in nutrition,JA,a,Journal has at least one populated IF_2021-IF_2026 value,TRUE,TRUE,Nearest year (2024),3
Journal of Economic Behavior and Organization,journal economic behavior organization,JA,a,Journal has at least one populated IF_2021-IF_2026 value,TRUE,TRUE,Nearest year (2024),2
Journal of Environmental Economics and Policy,journal environmental economics policy,JA,a,Journal has at least one populated IF_2021-IF_2026 value,TRUE,TRUE,Nearest year (2024),2
Science of the Total Environment,science total environment,JA,a,Journal has at least one populated IF_2021-IF_2026 value,TRUE,TRUE,Nearest year (2024),2
Applied Animal Science,applied animal science,JA,a,Journal has at least one populated IF_2021-IF_2026 value,TRUE,TRUE,Nearest year (2024),1
Environmental Politics,environmental politics,JA,a,Journal has at least one populated IF_2021-IF_2026 value,TRUE,TRUE,Nearest year (2024),1
IEEE Open Journal of the Computer Society,ieee open journal computer society,JA,a,Journal has at least one populated IF_2021-IF_2026 value,TRUE,TRUE,Nearest year (2024),1
Infectious Disease Modelling,infectious disease modelling,JA,a,Journal has at least one populated IF_2021-IF_2026 value,TRUE,TRUE,Nearest year (2024),1
Journal of Agricultural Safety and Health,journal agricultural safety health,JA,a,Journal has at least one populated IF_2021-IF_2026 value,TRUE,TRUE,Nearest year (2024),1
Journal of Environmental Economics and Management,journal environmental economics management,JA,a,Journal has at least one populated IF_2021-IF_2026 value,TRUE,TRUE,Nearest year (2024),1
Journal of the Agricultural and Applied Economics Association,journal agricultural applied economics association,JA,a,Journal has at least one populated IF_2021-IF_2026 value,TRUE,TRUE,Nearest year (2025),8
Q Open,q open,JA,a,Journal has at least one populated IF_2021-IF_2026 value,TRUE,TRUE,Nearest year (2025),8
American Journal of Agricultural Economics,american journal agricultural economics,JA,a,Journal has at least one populated IF_2021-IF_2026 value,TRUE,TRUE,Nearest year (2025),4
Rangeland Ecology & Management,rangeland ecology management,JA,a,Journal has at least one populated IF_2021-IF_2026 value,TRUE,TRUE,Nearest year (2025),3
Applied Economic Perspectives and Policy,applied economic perspectives policy,JA,a,Journal has at least one populated IF_2021-IF_2026 value,TRUE,TRUE,Nearest year (2025),2
African Journal of Range & Forage Science,african journal range forage science,JA,a,Journal has at least one populated IF_2021-IF_2026 value,TRUE,TRUE,Nearest year (2025),1
Carbon Balance and Management,carbon balance management,JA,a,Journal has at least one populated IF_2021-IF_2026 value,TRUE,TRUE,Nearest year (2025),1
Conservation Biology,conservation biology,JA,a,Journal has at least one populated IF_2021-IF_2026 value,TRUE,TRUE,Nearest year (2025),1
Environmental and Resource Economics,environmental resource economics,JA,a,Journal has at least one populated IF_2021-IF_2026 value,TRUE,TRUE,Nearest year (2025),1
Food Control,food control,JA,a,Journal has at least one populated IF_2021-IF_2026 value,TRUE,TRUE,Nearest year (2025),1
Global Change Biology,global change biology,JA,a,Journal has at least one populated IF_2021-IF_2026 value,TRUE,TRUE,Nearest year (2025),1
Journal of Dairy Science,journal dairy science,JA,a,Journal has at least one populated IF_2021-IF_2026 value,TRUE,TRUE,Nearest year (2025),1
Journal of Health Economics,journal health economics,JA,a,Journal has at least one populated IF_2021-IF_2026 value,TRUE,TRUE,Nearest year (2025),1
Journal of Outdoor Recreation and Tourism,journal outdoor recreation tourism,JA,a,Journal has at least one populated IF_2021-IF_2026 value,TRUE,TRUE,Nearest year (2025),1
Land Economics,land economics,JA,a,Journal has at least one populated IF_2021-IF_2026 value,TRUE,TRUE,Nearest year (2025),1
Nature,nature,JA,a,Journal has at least one populated IF_2021-IF_2026 value,TRUE,TRUE,Nearest year (2025),1
PeerJ,peerj,JA,a,Journal has at least one populated IF_2021-IF_2026 value,TRUE,TRUE,Nearest year (2025),1
Translational Animal Science,translational animal science,JA,a,Journal has at least one populated IF_2021-IF_2026 value,TRUE,TRUE,Nearest year (2025),1
Water Resources Research,water resources research,JA,a,Journal has at least one populated IF_2021-IF_2026 value,TRUE,TRUE,Nearest year (2025),1
World Development,world development,JA,a,Journal has at least one populated IF_2021-IF_2026 value,TRUE,TRUE,Nearest year (2025),1
Western Economics Forum,western economics forum,JA,b,Journal is listed but has no populated IF_2021-IF_2026 value,TRUE,FALSE,No IF match,15
Rangelands,rangelands,JA,b,Journal is listed but has no populated IF_2021-IF_2026 value,TRUE,FALSE,No IF match,8
Choices,choices,JA,b,Journal is listed but has no populated IF_2021-IF_2026 value,TRUE,FALSE,No IF match,7
Journal of Agricultural Education,journal agricultural education,JA,b,Journal is listed but has no populated IF_2021-IF_2026 value,TRUE,FALSE,No IF match,5
NACTA Journal,nacta journal,JA,b,Journal is listed but has no populated IF_2021-IF_2026 value,TRUE,FALSE,No IF match,4
Journal of the American Society of Farm Managers and Rural Appraisers,journal american society farm managers rural appraisers,JA,b,Journal is listed but has no populated IF_2021-IF_2026 value,TRUE,FALSE,No IF match,3
Applied Economics Teaching Resources,applied economics teaching resources,JA,b,Journal is listed but has no populated IF_2021-IF_2026 value,TRUE,FALSE,No IF match,2
Journal of Food Distribution Research,journal food distribution research,JA,b,Journal is listed but has no populated IF_2021-IF_2026 value,TRUE,FALSE,No IF match,2
Agriculture,agriculture,JA,b,Journal is listed but has no populated IF_2021-IF_2026 value,TRUE,FALSE,No IF match,1
Conservation Science,conservation science,JA,b,Journal is listed but has no populated IF_2021-IF_2026 value,TRUE,FALSE,No IF match,1
Crop Production,crop production,JA,b,Journal is listed but has no populated IF_2021-IF_2026 value,TRUE,FALSE,No IF match,1
Frontiers of Economics in China,frontiers economics in china,JA,b,Journal is listed but has no populated IF_2021-IF_2026 value,TRUE,FALSE,No IF match,1
Global Food Security,global food security,JA,b,Journal is listed but has no populated IF_2021-IF_2026 value,TRUE,FALSE,No IF match,1
J. Agricultural and Environmental Information Systems,j agricultural environmental information systems,JA,b,Journal is listed but has no populated IF_2021-IF_2026 value,TRUE,FALSE,No IF match,1
Journal of Agribusiness,journal agribusiness,JA,b,Journal is listed but has no populated IF_2021-IF_2026 value,TRUE,FALSE,No IF match,1
Journal of Economic Structures,journal economic structures,JA,b,Journal is listed but has no populated IF_2021-IF_2026 value,TRUE,FALSE,No IF match,1
Ocean & Coastal Management,ocean coastal management,JA,b,Journal is absent from the impact-factor workbook,FALSE,FALSE,No IF match,1
PARKS,parks,JA,b,Journal is listed but has no populated IF_2021-IF_2026 value,TRUE,FALSE,No IF match,1
Scientific Data,scientific data,JA,b,Journal is absent from the impact-factor workbook,FALSE,FALSE,No IF match,1
Sustainable Agriculture,sustainable agriculture,JA,b,Journal is listed but has no populated IF_2021-IF_2026 value,TRUE,FALSE,No IF match,1
The Journal of Rural Health,journal rural health,JA,b,Journal is listed but has no populated IF_2021-IF_2026 value,TRUE,FALSE,No IF match,1
The World Economy,world economy,JA,b,Journal is listed but has no populated IF_2021-IF_2026 value,TRUE,FALSE,No IF match,1
Tourism and Hospitality,tourism hospitality,JA,b,Journal is listed but has no populated IF_2021-IF_2026 value,TRUE,FALSE,No IF match,1
AAEA Conference Paper,aaea conference paper,WP,NA,Not applicable,FALSE,FALSE,Not applicable,5
Food Systems Modeling (Elsevier),food systems modeling elsevier,BC,NA,Not applicable,FALSE,FALSE,Not applicable,3
Regional Economic Development Institute,regional economic development institute,RP,NA,Not applicable,FALSE,FALSE,Not applicable,3
CRC Press,crc press,BC,NA,Not applicable,FALSE,FALSE,Not applicable,2
Climate Change and Animal Health,climate change animal health,BC,NA,Not applicable,FALSE,FALSE,Not applicable,2
National Bureau of Economic Research,national bureau economic research,RP,NA,Not applicable,FALSE,FALSE,Not applicable,2
University of Chicago Press,university chicago press,BC,NA,Not applicable,FALSE,FALSE,Not applicable,2
American Farm Bureau Federation Research Report,american farm bureau federation research report,RP,NA,Not applicable,FALSE,FALSE,Not applicable,1
American Journal of Agricultural Economics,american journal agricultural economics,RP,NA,Not applicable,TRUE,TRUE,Not applicable,1
Animal-Science proceedings,animal science proceedings,CP,NA,Not applicable,FALSE,FALSE,Not applicable,1
Center for Global Development Working Paper 713,center global development working paper 713,RP,NA,Not applicable,FALSE,FALSE,Not applicable,1
EarthAirXiv,earthairxiv,WP,NA,Not applicable,FALSE,FALSE,Not applicable,1
Economics of Research and Innovation in Agriculture,economics research innovation in agriculture,BC,NA,Not applicable,FALSE,FALSE,Not applicable,1
Farm Foundation Issue Report,farm foundation issue report,RP,NA,Not applicable,FALSE,FALSE,Not applicable,1
"Invasive Species in Forests and Rangelands of the US, Springer",invasive species in forests rangelands us springer,BC,NA,Not applicable,FALSE,FALSE,Not applicable,1
Investing in Rural Prosperity,investing in rural prosperity,BC,NA,Not applicable,FALSE,FALSE,Not applicable,1
"Plant Biotechnology and Genetics: Principles, Techniques, and Applications",plant biotechnology genetics principles techniques applications,BC,NA,Not applicable,FALSE,FALSE,Not applicable,1
Teaching Environmental and Natural Resource Economics,teaching environmental natural resource economics,BC,NA,Not applicable,FALSE,FALSE,Not applicable,1
"The U.S. Beef Supply Chain, Texas A&M AFPC",u s beef supply chain texas m afpc,BC,NA,Not applicable,FALSE,FALSE,Not applicable,1
USPTO Economic Working Paper,uspto economic working paper,WP,NA,Not applicable,FALSE,FALSE,Not applicable,1
United States Geological Survey,united states geological survey,RP,NA,Not applicable,FALSE,FALSE,Not applicable,1
Virginia Tech Global Agricultural Productivity Report,virginia tech global agricultural productivity report,RP,NA,Not applicable,FALSE,FALSE,Not applicable,1
World Intellectual Property Organization (WIPO) Economic Research Working Paper Series,world intellectual property organization wipo economic research working paper series,WP,NA,Not applicable,FALSE,FALSE,Not applicable,1
World Organisation for Animal Health / World Bank,world organisation animal health world bank,RP,NA,Not applicable,FALSE,FALSE,Not applicable,1
