publication_key,oa_id,doi_raw,doi_clean,oa_title,oa_year,oa_date,oa_type,cited_by_count,oa_venue,oa_issn_l,oa_publisher,is_oa,is_retracted,n_authors
doi:10.1126/science.abe4943,W3210493173,https://doi.org/10.1126/science.abe4943,10.1126/science.abe4943,Effects of land dispossession and forced migration on Indigenous peoples in North America,2021,2021-10-28,article,204,Science,0036-8075,American Association for the Advancement of Science,TRUE,FALSE,6
doi:10.1073/pnas.2008814118,W3141737218,https://doi.org/10.1073/pnas.2008814118,10.1073/pnas.2008814118,Measuring voluntary and policy-induced social distancing behavior during the COVID-19 pandemic,2021,2021-04-05,article,167,Proceedings of the National Academy of Sciences,0027-8424,National Academy of Sciences,TRUE,FALSE,6
doi:10.1038/s41598-021-82574-w,W3127456818,https://doi.org/10.1038/s41598-021-82574-w,10.1038/s41598-021-82574-w,Risk compensation and face mask mandates during the COVID-19 pandemic,2021,2021-02-04,article,102,Scientific Reports,2045-2322,Nature Portfolio,TRUE,FALSE,4
doi:10.1146/annurev-resource-111920-014804,W4281886895,https://doi.org/10.1146/annurev-resource-111920-014804,10.1146/annurev-resource-111920-014804,The Economics of Wildfire in the United States,2022,2022-06-09,article,79,Annual Review of Resource Economics,1941-1340,Annual Reviews,FALSE,FALSE,4
doi:10.1088/2752-5309/ac7d69,W4283765007,https://doi.org/10.1088/2752-5309/ac7d69,10.1088/2752-5309/ac7d69,Outside in: the relationship between indoor and outdoor particulate air quality during wildfire smoke events in western US cities,2022,2022-06-30,article,52,Environmental Research Health,2752-5309,IOP Publishing,TRUE,FALSE,8
doi:10.1287/mnsc.2020.02074,W4388454759,https://doi.org/10.1287/mnsc.2020.02074,10.1287/mnsc.2020.02074,Field Experimental Evidence on the Effect of Pricing on Residential Electricity Conservation,2023,2023-11-07,article,29,Management Science,0025-1909,Institute for Operations Research and the Management Sciences,FALSE,FALSE,3
doi:10.1038/s41467-024-54163-8,W4406001170,https://doi.org/10.1038/s41467-024-54163-8,10.1038/s41467-024-54163-8,Solar energy resource availability under extreme and historical wildfire smoke conditions,2025,2025-01-02,article,20,Nature Communications,2041-1723,Nature Portfolio,TRUE,FALSE,6
doi:10.1093/jofore/fvac042,W4313336269,https://doi.org/10.1093/jofore/fvac042,10.1093/jofore/fvac042,Wildfire Response: A System on the Brink?,2022,2022-12-17,article,20,Journal of Forestry,0022-1201,Oxford University Press,TRUE,FALSE,6
doi:10.1111/ajae.12439,W4388279823,https://doi.org/10.1111/ajae.12439,10.1111/ajae.12439,"Air pollution, weather, and agricultural worker productivity",2023,2023-11-03,article,17,American Journal of Agricultural Economics,0002-9092,Wiley,TRUE,FALSE,7
doi:10.1080/00343404.2023.2166914,W4319067211,https://doi.org/10.1080/00343404.2023.2166914,10.1080/00343404.2023.2166914,Beer sales in grocery and convenience stores: a glass half-full for craft brewers?,2023,2023-02-03,article,14,Regional Studies,0034-3404,Routledge,TRUE,FALSE,7
doi:10.1002/aepp.13332,W4307650297,https://doi.org/10.1002/aepp.13332,10.1002/aepp.13332,"Disparities in food insecurity among Black and White households: An analysis by age cohort, poverty, education, and home ownership",2022,2022-10-27,article,12,Applied Economic Perspectives and Policy,2040-5790,Wiley,TRUE,FALSE,3
doi:10.1007/s12571-022-01322-8,W3084019073,https://doi.org/10.1007/s12571-022-01322-8,10.1007/s12571-022-01322-8,Food insecurity among immigrant populations in the United States,2022,2022-10-08,article,11,Food Security,1876-4517,Springer Science+Business Media,TRUE,FALSE,3
doi:10.1029/2022gh000648,W4304206881,https://doi.org/10.1029/2022gh000648,10.1029/2022gh000648,The Unintended Benefits of the Conservation Reserve Program for Air Quality,2022,2022-10-01,article,9,GeoHealth,2471-1403,Wiley,TRUE,FALSE,4
doi:10.1002/aepp.13098,W3093424154,https://doi.org/10.1002/aepp.13098,10.1002/aepp.13098,If You Build Them… Will it Matter? Food Stores' Presence and Perceived Barriers to Purchasing Healthy Foods in the Northeastern U.S.,2020,2020-10-12,article,6,Applied Economic Perspectives and Policy,2040-5790,Wiley,FALSE,FALSE,3
doi:10.3201/eid2709.204167,W3174989026,https://doi.org/10.3201/eid2709.204167,10.3201/eid2709.204167,"Estimating the Impact of Statewide Policies to Reduce Spread of Severe Acute Respiratory Syndrome Coronavirus 2 in Real Time, Colorado, USA",2021,2021-07-01,article,17,Emerging infectious diseases,1080-6040,Centers for Disease Control and Prevention,TRUE,FALSE,11
doi:10.1016/j.foodpol.2021.102045,W3137539494,https://doi.org/10.1016/j.foodpol.2021.102045,10.1016/j.foodpol.2021.102045,Too cool for farm to school? Analyzing the determinants of farm to school programming continuation,2021,2021-03-18,article,15,Food Policy,0306-9192,Elsevier BV,FALSE,FALSE,2
doi:10.1016/j.foodpol.2021.102119,W3175602227,https://doi.org/10.1016/j.foodpol.2021.102119,10.1016/j.foodpol.2021.102119,Measuring stocks of community wealth and their association with food systems efforts in rural and urban places,2021,2021-07-01,article,13,Food Policy,0306-9192,Elsevier BV,TRUE,FALSE,4
doi:10.1016/j.idm.2022.07.003,W4285603340,https://doi.org/10.1016/j.idm.2022.07.003,10.1016/j.idm.2022.07.003,Model-based evaluation of policy impacts and the continued COVID-19 risk at long term care facilities,2022,2022-07-15,article,13,Infectious Disease Modelling,2468-0427,KeAi,TRUE,FALSE,5
doi:10.1080/00036846.2020.1866160,W3132144767,https://doi.org/10.1080/00036846.2020.1866160,10.1080/00036846.2020.1866160,Competitive and welfare effects of private label presence in differentiated food markets,2021,2021-02-16,article,11,Applied Economics,0003-6846,Taylor & Francis,FALSE,FALSE,4
doi:10.1080/21606544.2022.2059015,W4224076156,https://doi.org/10.1080/21606544.2022.2059015,10.1080/21606544.2022.2059015,"Does air pollution increase electric vehicle adoption? Evidence from U.S. metropolitan areas, 2011–2018",2022,2022-04-15,article,11,Journal of Environmental Economics and Policy,2160-6544,Taylor & Francis,TRUE,FALSE,5
doi:10.1007/s11747-024-01003-2,W4391538670,https://doi.org/10.1007/s11747-024-01003-2,10.1007/s11747-024-01003-2,Delivering affordable clean energy to consumers,2024,2024-02-05,article,10,Journal of the Academy of Marketing Science,0092-0703,Springer Science+Business Media,FALSE,FALSE,5
doi:10.1002/aepp.13275,W4225008403,https://doi.org/10.1002/aepp.13275,10.1002/aepp.13275,Food insecurity and time use in elderly vs. non‐elderly: An exploratory analysis,2022,2022-04-27,article,8,Applied Economic Perspectives and Policy,2040-5790,Wiley,FALSE,FALSE,3
doi:10.1016/j.forpol.2023.103115,W4388995879,https://doi.org/10.1016/j.forpol.2023.103115,10.1016/j.forpol.2023.103115,Retention of highly qualified wildland firefighters in the Western United States,2023,2023-11-25,article,8,Forest Policy and Economics,1389-9341,Elsevier BV,FALSE,FALSE,3
doi:10.1108/bfj-09-2021-1000,W4220717619,https://doi.org/10.1108/bfj-09-2021-1000,10.1108/bfj-09-2021-1000,"Geographical indications' prices and marketing margins: the role of group size, longevity and production decisions",2022,2022-03-23,article,5,British Food Journal,0007-070X,Emerald Publishing Limited,FALSE,FALSE,3
doi:10.1038/s41598-022-12253-x,W4280497021,https://doi.org/10.1038/s41598-022-12253-x,10.1038/s41598-022-12253-x,Modeling the systemic risks of COVID-19 on the wildland firefighting workforce,2022,2022-05-18,article,5,Scientific Reports,2045-2322,Nature Portfolio,TRUE,FALSE,5
doi:10.22004/ag.econ.311309,W3185528076,https://doi.org/10.22004/ag.econ.311309,10.22004/ag.econ.311309,COVID-19 and the Renewed Migration to the Rural West,2021,2021-01-01,article,10,"AgEcon Search (University of Minnesota, USA)",NA,University of Minnesota Rochester,TRUE,FALSE,6
doi:10.1177/0272989x211021603,W3168577360,https://doi.org/10.1177/0272989x211021603,10.1177/0272989x211021603,Maximizing the Efficiency of Active Case Finding for SARS-CoV-2 Using Bandit Algorithms,2021,2021-06-14,article,9,Medical Decision Making,0272-989X,SAGE Publishing,TRUE,FALSE,16
doi:10.1088/1748-9326/add35e,W4410022855,https://doi.org/10.1088/1748-9326/add35e,10.1088/1748-9326/add35e,"Inland flooding in the United States: a review of research related to risk management, economic behavior, and data resources",2025,2025-05-02,article,1,Environmental Research Letters,1748-9326,IOP Publishing,TRUE,FALSE,5
doi:10.1002/aepp.70037,W4416337945,https://doi.org/10.1002/aepp.70037,10.1002/aepp.70037,Changes in Alcohol Retail Laws and Foot Traffic at Liquor Stores,2025,2025-11-18,article,1,Applied Economic Perspectives and Policy,2040-5790,Wiley,TRUE,FALSE,4
doi:10.3368/le.102.3.012626-0015,W7135135882,https://doi.org/10.3368/le.102.3.012626-0015,10.3368/le.102.3.012626-0015,Are Mobile Device Location Data a Substitute for Travel Cost Surveys?,2026,2026-03-11,article,1,Land Economics,0023-7639,University of Wisconsin Press,TRUE,FALSE,3
doi:10.21273/hortsci15871-21,W3171907984,https://doi.org/10.21273/hortsci15871-21,10.21273/hortsci15871-21,GMO Turfgrass Introduction to the Market: Acceptance and Market Simulations for Connecticut Consumers,2021,2021-06-02,article,3,HortScience,0018-5345,American Society for Horticultural Science,TRUE,FALSE,3
doi:10.1002/jaa2.95,W4391281161,https://doi.org/10.1002/jaa2.95,10.1002/jaa2.95,Farm to school programming spillovers and households' fruits and vegetables purchases,2024,2024-01-26,article,1,Journal of the Agricultural and Applied Economics Association,2769-2485,Wiley,TRUE,FALSE,3
doi:10.1017/s1742170519000371,W2981340085,https://doi.org/10.1017/s1742170519000371,10.1017/s1742170519000371,Enhancing understanding of food purchasing patterns in the Northeast US using multiple datasets,2019,2019-10-25,article,3,Renewable Agriculture and Food Systems,1742-1705,Cambridge University Press,TRUE,FALSE,6
doi:10.1002/aepp.13130,W3120068039,https://doi.org/10.1002/aepp.13130,10.1002/aepp.13130,School meals and quality of household food acquisitions,2021,2021-01-07,article,1,Applied Economic Perspectives and Policy,2040-5790,Wiley,FALSE,FALSE,5
doi:10.54605/fec20210204,W4200109688,https://doi.org/10.54605/fec20210204,10.54605/fec20210204,Time Reallocation and the Cost and Benefit of School Closures during an Epidemic,2021,2021-12-15,article,1,Frontiers of Economics in China,1673-3444,Brill,FALSE,FALSE,4
doi:10.1108/afr-05-2023-0054,W4386804267,https://doi.org/10.1108/afr-05-2023-0054,10.1108/afr-05-2023-0054,Beginning farmer status and financial performance differentials,2023,2023-09-16,article,1,Agricultural Finance Review,0002-1466,Emerald Publishing Limited,FALSE,FALSE,4
doi:10.1016/j.cdnut.2023.100292,W4385306485,https://doi.org/10.1016/j.cdnut.2023.100292,10.1016/j.cdnut.2023.100292,OR23-07-23 The Influence of Food Assistance Program Participation on the Quality of the Home Food Environment Is Modified by Household Food Security Levels,2023,2023-07-01,article,0,Current Developments in Nutrition,2475-2991,Elsevier BV,TRUE,FALSE,6
doi:10.56103/nactaj.v69i1.210,W4410430809,https://doi.org/10.56103/nactaj.v69i1.210,10.56103/nactaj.v69i1.210,Examination of the Effectiveness of an Institutional Intervention to Improve Retention at an Agricultural College,2025,2025-05-16,article,0,NACTA Journal,0149-4910,NA,TRUE,FALSE,6
doi:10.1016/j.scitotenv.2025.179814,W4411225024,https://doi.org/10.1016/j.scitotenv.2025.179814,10.1016/j.scitotenv.2025.179814,Characterizing community water systems exposed to wildfire in the Western U.S.,2025,2025-06-12,article,0,The Science of The Total Environment,0048-9697,Elsevier BV,FALSE,FALSE,7
doi:10.1080/08941920.2025.2572064,W4415021393,https://doi.org/10.1080/08941920.2025.2572064,10.1080/08941920.2025.2572064,How Sense of Place Influences Willingness to Pay for Sustainable Wolf Populations,2025,2025-10-10,article,0,Society & Natural Resources,0894-1920,Taylor & Francis,FALSE,FALSE,3
doi:10.5032/jae.v66i4.3220,W4417097694,https://doi.org/10.5032/jae.v66i4.3220,10.5032/jae.v66i4.3220,Understanding Barriers to SAE Implementation and Professional Development Needs of Middle School SBAE Teachers,2025,2025-12-07,article,0,Journal of Agricultural Education,1042-0541,American Association for Agricultural Education,TRUE,FALSE,2
doi:10.5032/jae.v67i1.3218,W7118128088,https://doi.org/10.5032/jae.v67i1.3218,10.5032/jae.v67i1.3218,Investigating the Sources and Influences Shaping Pedagogical Content Knowledge among Colorado Agricultural Educators,2026,2026-01-04,article,0,Journal of Agricultural Education,1042-0541,American Association for Agricultural Education,TRUE,FALSE,4
doi:10.1002/ajae.70071,W7152708484,https://doi.org/10.1002/ajae.70071,10.1002/ajae.70071,Food insecurity and unemployment among immigrants in the United States,2026,2026-04-09,article,0,American Journal of Agricultural Economics,0002-9092,Wiley,TRUE,FALSE,4
doi:10.31223/x5518b,W7153033473,https://doi.org/10.31223/x5518b,10.31223/x5518b,Climate variability introduces uncertainty into future emissions pathways,2026,2026-04-10,preprint,0,NA,NA,NA,TRUE,FALSE,4
doi:10.1111/gcb.70909,W7160869339,https://doi.org/10.1111/gcb.70909,10.1111/gcb.70909,Soil Organic Carbon Improves Crop Yield and Yield Resilience,2026,2026-05-01,article,0,Global Change Biology,1354-1013,Wiley,FALSE,FALSE,4
doi:10.1002/wat2.1571,W4200579997,https://doi.org/10.1002/wat2.1571,10.1002/wat2.1571,Dry landscapes and parched economies: A review of how drought impacts nonagricultural socioeconomic sectors in the <scp>US</scp> Intermountain West,2021,2021-12-29,article,38,Wiley Interdisciplinary Reviews Water,2049-1948,Wiley,TRUE,FALSE,6
doi:10.1016/j.meatsci.2024.109597,W4400612753,https://doi.org/10.1016/j.meatsci.2024.109597,10.1016/j.meatsci.2024.109597,Consumer willingness to pay (WTP) for beef based on color and price discounts,2024,2024-07-14,article,24,Meat Science,0309-1740,Elsevier BV,TRUE,FALSE,5
doi:10.1002/aepp.13096,W3089211388,https://doi.org/10.1002/aepp.13096,10.1002/aepp.13096,Emergency Food Provision for Children and Families during the <scp>COVID</scp>‐19 Pandemic: Examples from Five U.S. Cities,2020,2020-09-24,article,60,Applied Economic Perspectives and Policy,2040-5790,Wiley,TRUE,FALSE,13
doi:10.1016/j.ijpe.2022.108534,W4281850555,https://doi.org/10.1016/j.ijpe.2022.108534,10.1016/j.ijpe.2022.108534,Facility locations in the fresh produce supply chain: An integration of optimization and empirical methods,2022,2022-06-01,article,27,International Journal of Production Economics,0925-5273,Elsevier BV,TRUE,FALSE,5
doi:10.1029/2021wr030712,W4281790344,https://doi.org/10.1029/2021wr030712,10.1029/2021wr030712,Implicit and Explicit Biases for Recycled Water and Tap Water,2022,2022-05-31,article,19,Water Resources Research,0043-1397,Wiley,TRUE,FALSE,4
doi:10.1111/ajae.12404,W4380190325,https://doi.org/10.1111/ajae.12404,10.1111/ajae.12404,Dynamic model of entry: Dollar stores,2023,2023-05-30,article,16,American Journal of Agricultural Economics,0002-9092,Wiley,TRUE,FALSE,3
doi:10.1111/ajae.12192,W3130764381,https://doi.org/10.1111/ajae.12192,10.1111/ajae.12192,Peers in the Field: The Role of Ability and Gender in Peer Effects among Agricultural Workers,2021,2021-02-16,article,12,American Journal of Agricultural Economics,0002-9092,Wiley,FALSE,FALSE,2
doi:10.1371/journal.pone.0261833,W4206111445,https://doi.org/10.1371/journal.pone.0261833,10.1371/journal.pone.0261833,Summer crowds: An analysis of USFS campground reservations during the COVID-19 pandemic,2022,2022-01-12,article,10,PLoS ONE,1932-6203,Public Library of Science,TRUE,FALSE,3
doi:10.1016/j.resconrec.2025.108325,W4409634153,https://doi.org/10.1016/j.resconrec.2025.108325,10.1016/j.resconrec.2025.108325,Island economies in the wake: Assessing increased shipping cost effects from carbon taxes on maritime trade,2025,2025-04-21,article,9,Resources Conservation and Recycling,0921-3449,Elsevier BV,FALSE,FALSE,2
doi:10.1016/j.foodpol.2024.102769,W4404872324,https://doi.org/10.1016/j.foodpol.2024.102769,10.1016/j.foodpol.2024.102769,The Information Value of Geographical Indications,2024,2024-11-30,article,8,Food Policy,0306-9192,Elsevier BV,FALSE,FALSE,4
doi:10.1111/twec.13731,W4412138115,https://doi.org/10.1111/twec.13731,10.1111/twec.13731,Tariff Troubles: Repercussions of Protectionist Policies on US Agriculture and the Trade Deficit,2025,2025-07-09,article,5,World Economy,0378-5920,Wiley,TRUE,FALSE,3
doi:10.1016/j.foodpol.2025.102996,W4416437729,https://doi.org/10.1016/j.foodpol.2025.102996,10.1016/j.foodpol.2025.102996,A review of data linkages for policy-informing research in food and agricultural economics,2025,2025-11-01,article,3,Food Policy,0306-9192,Elsevier BV,FALSE,FALSE,6
doi:10.3389/fvets.2026.1752899,W7127067078,https://doi.org/10.3389/fvets.2026.1752899,10.3389/fvets.2026.1752899,Potential economy-wide impacts of an African swine fever outbreak in the United States,2026,2026-02-02,article,3,Frontiers in Veterinary Science,2297-1769,Frontiers Media,TRUE,FALSE,6
doi:10.1029/2022jd037446,W4309691277,https://doi.org/10.1029/2022jd037446,10.1029/2022jd037446,Smoke‐Driven Changes in Photosynthetically Active Radiation During the U.S. Agricultural Growing Season,2022,2022-11-22,article,11,Journal of Geophysical Research Atmospheres,0148-0227,American Geophysical Union,TRUE,FALSE,4
doi:10.1002/agr.21688,W3121785173,https://doi.org/10.1002/agr.21688,10.1002/agr.21688,Promoting farmers market via information nudges and coupons: A randomized control trial,2021,2021-01-25,article,10,Agribusiness,0742-4477,Wiley,FALSE,FALSE,3
doi:10.1111/josh.13013,W3155036107,https://doi.org/10.1111/josh.13013,10.1111/josh.13013,The Impact of State Farm to School Procurement Incentives on School Purchasing Decisions,2021,2021-04-12,article,10,Journal of School Health,0022-4391,Wiley,FALSE,FALSE,4
doi:10.1111/ajae.12224,W3157171384,https://doi.org/10.1111/ajae.12224,10.1111/ajae.12224,Conformity and Conservation: Evidence from Home Landscaping and Water Conservation,2021,2021-05-05,article,9,American Journal of Agricultural Economics,0002-9092,Wiley,FALSE,FALSE,4
doi:10.1016/j.gecco.2023.e02576,W4384008743,https://doi.org/10.1016/j.gecco.2023.e02576,10.1016/j.gecco.2023.e02576,Willingness to pay for reintroducing wolves in a divided voting base,2023,2023-07-12,article,6,Global Ecology and Conservation,2351-9894,Elsevier BV,TRUE,FALSE,6
doi:10.1007/s11151-023-09926-w,W4387817813,https://doi.org/10.1007/s11151-023-09926-w,10.1007/s11151-023-09926-w,Retail Markups and Discount-Store Entry,2023,2023-10-20,article,6,Review of Industrial Organization,0889-938X,Springer Science+Business Media,TRUE,FALSE,4
doi:10.1016/j.foohum.2025.100639,W4410198897,https://doi.org/10.1016/j.foohum.2025.100639,10.1016/j.foohum.2025.100639,Addressing retail meat waste: A focus group study on discolored beef,2025,2025-05-01,article,5,Food and Humanity,2949-8244,Elsevier BV,TRUE,FALSE,6
doi:10.1016/j.foodpol.2025.102827,W4408472773,https://doi.org/10.1016/j.foodpol.2025.102827,10.1016/j.foodpol.2025.102827,Dollar store impact on local labor markets and retail activity,2025,2025-03-14,article,3,Food Policy,0306-9192,Elsevier BV,FALSE,FALSE,4
doi:10.1016/j.prevetmed.2025.106558,W4410384050,https://doi.org/10.1016/j.prevetmed.2025.106558,10.1016/j.prevetmed.2025.106558,Integrating epidemiological and economic models to estimate the cost of simulated foot-and-mouth disease outbreaks in Brazil,2025,2025-05-15,article,3,Preventive Veterinary Medicine,0167-5877,Elsevier BV,FALSE,FALSE,8
doi:10.1002/agr.21743,W4281647998,https://doi.org/10.1002/agr.21743,10.1002/agr.21743,"Food retail profits, competition, and the Great Recession",2022,2022-05-27,article,6,Agribusiness,0742-4477,Wiley,TRUE,FALSE,2
doi:10.1111/coep.12564,W4211021726,https://doi.org/10.1111/coep.12564,10.1111/coep.12564,The local effects of federal law enforcement policies: Evidence from sanctuary jurisdictions and crime,2022,2022-02-08,article,5,Contemporary Economic Policy,1074-3529,Wiley,FALSE,FALSE,2
doi:10.1162/99608f92.24c26aa9,W4393404128,https://doi.org/10.1162/99608f92.24c26aa9,10.1162/99608f92.24c26aa9,Creating Engagements: Bringing the User Into Data Democratization,2024,2024-04-02,article,3,NA,NA,NA,TRUE,FALSE,1
doi:10.1108/jm2-02-2024-0042,W4401516848,https://doi.org/10.1108/jm2-02-2024-0042,10.1108/jm2-02-2024-0042,Determining the optimal food hub location in the fresh produce supply chain,2024,2024-08-12,article,2,Journal of Modelling in Management,1746-5664,Emerald Publishing Limited,FALSE,FALSE,5
doi:10.1093/qopen/qoag010,W7151891273,https://doi.org/10.1093/qopen/qoag010,10.1093/qopen/qoag010,"Food fights in the classroom: a case study exploring the connections between economic reasoning, critical thinking, engagement, and dialogue in polarized contexts",2026,2026-04-04,article,1,Q Open,2633-9048,Oxford University Press,TRUE,FALSE,2
doi:10.1007/s00181-021-02123-2,W3201299049,https://doi.org/10.1007/s00181-021-02123-2,10.1007/s00181-021-02123-2,Strategic supermarket pricing of private labels and manufacturer brands,2021,2021-09-16,article,5,Empirical Economics,0377-7332,Springer Science+Business Media,FALSE,FALSE,2
doi:10.1017/jwe.2021.8,W3156003308,https://doi.org/10.1017/jwe.2021.8,10.1017/jwe.2021.8,Consumer Stigma and the Reputation Trap Hypothesis: An In-Store Experiment with Colorado Wines,2021,2021-04-12,article,2,Journal of Wine Economics,1931-4361,Cambridge University Press,TRUE,FALSE,2
doi:10.1002/wat2.1586,W4221017855,https://doi.org/10.1002/wat2.1586,10.1002/wat2.1586,Data availability and sector‐specific frameworks restrict drought impact quantification in the Intermountain West,2022,2022-03-26,article,1,Wiley Interdisciplinary Reviews Water,2049-1948,Wiley,TRUE,FALSE,6
doi:10.1111/ajae.12198,W3130263887,https://doi.org/10.1111/ajae.12198,10.1111/ajae.12198,"Three Good Reasons for Reading “Wine Economics,” by Stefano Castriota, 2020, The MIT Press",2021,2021-02-17,article,0,American Journal of Agricultural Economics,0002-9092,Wiley,FALSE,FALSE,1
doi:10.1002/jaa2.131,W4400204195,https://doi.org/10.1002/jaa2.131,10.1002/jaa2.131,Federal economic data on local and regional food producers,2024,2024-07-01,article,0,Journal of the Agricultural and Applied Economics Association,2769-2485,Wiley,TRUE,FALSE,5
doi:10.1002/aepp.13503,W4408333772,https://doi.org/10.1002/aepp.13503,10.1002/aepp.13503,US employment exposure to domestic and foreign tariff changes under <scp>NAFTA</scp>,2025,2025-02-27,article,0,Applied Economic Perspectives and Policy,2040-5790,Wiley,TRUE,FALSE,4
doi:10.1002/agr.22051,W4409601532,https://doi.org/10.1002/agr.22051,10.1002/agr.22051,Grocery Stockouts and Seller Performance in Amazon's Marketplaces,2025,2025-04-18,article,0,Agribusiness,0742-4477,Wiley,TRUE,FALSE,3
doi:10.22434/ifamr.0001,W4411704991,https://doi.org/10.22434/ifamr.0001,10.22434/ifamr.0001,Machine learning in applied economics and agribusiness: emerging applications and integration with traditional methods,2025,2025-06-25,article,0,The International Food and Agribusiness Management Review,1096-7508,International Food and Agribusiness Management Association,TRUE,FALSE,3
doi:10.1002/aepp.70039,W4416563969,https://doi.org/10.1002/aepp.70039,10.1002/aepp.70039,Quantitative Comparison of Ad‐Valorem Equivalents for Non‐Tariff Trade Measures: <scp>WTO</scp> Versus <scp>TRAINS</scp>,2025,2025-11-23,article,0,Applied Economic Perspectives and Policy,2040-5790,Wiley,TRUE,FALSE,4
doi:10.1002/aepp.70031,W4416825524,https://doi.org/10.1002/aepp.70031,10.1002/aepp.70031,Relationship Between Knowledge and Compliance With Safety Measures: Evidence From <scp>COVID</scp> ‐19,2025,2025-11-29,article,0,Applied Economic Perspectives and Policy,2040-5790,Wiley,TRUE,FALSE,3
doi:10.1002/aepp.70047,W7116446301,https://doi.org/10.1002/aepp.70047,10.1002/aepp.70047,"Livestock Tango: U.S. and Latin America Dance Together, but Who Will Lead?",2025,2025-12-19,article,0,Applied Economic Perspectives and Policy,2040-5790,Wiley,TRUE,FALSE,3
doi:10.1111/ajae.12212,W3130877874,https://doi.org/10.1111/ajae.12212,10.1111/ajae.12212,The Importance of Agriculture in the Economy: Impacts from <scp>COVID</scp>‐19,2021,2021-02-22,article,189,American Journal of Agricultural Economics,0002-9092,Wiley,TRUE,FALSE,2
doi:10.1093/qopen/qoab005,W3146301825,https://doi.org/10.1093/qopen/qoab005,10.1093/qopen/qoab005,"The impacts of COVID-19 on GDP, food prices, and food security",2021,2021-01-01,article,51,Q Open,2633-9048,Oxford University Press,TRUE,FALSE,3
doi:10.1016/j.scitotenv.2023.161964,W4318828324,https://doi.org/10.1016/j.scitotenv.2023.161964,10.1016/j.scitotenv.2023.161964,Assessment of vulnerability to water shortage in semi-arid river basins: The value of demand reduction and storage capacity,2023,2023-02-01,article,34,The Science of The Total Environment,0048-9697,Elsevier BV,TRUE,FALSE,5
doi:10.1002/aepp.13468,W4402116092,https://doi.org/10.1002/aepp.13468,10.1002/aepp.13468,Global economic effects of war‐induced agricultural export declines from Ukraine,2024,2024-09-01,article,24,Applied Economic Perspectives and Policy,2040-5790,Wiley,TRUE,FALSE,5
doi:10.1371/journal.pone.0310268,W4405940882,https://doi.org/10.1371/journal.pone.0310268,10.1371/journal.pone.0310268,Economic effects of livestock disease burden in Ethiopia: A computable general equilibrium analysis,2024,2024-12-31,article,14,PLoS ONE,1932-6203,Public Library of Science,TRUE,FALSE,5
doi:10.1016/j.rala.2024.05.006,W4407209665,https://doi.org/10.1016/j.rala.2024.05.006,10.1016/j.rala.2024.05.006,The economic fundamentals of virtual fencing compared to traditional fencing,2025,2025-02-01,article,14,Rangelands,0190-0528,Elsevier BV,TRUE,FALSE,8
doi:10.1007/978-3-030-45367-1_14,W3127790114,https://doi.org/10.1007/978-3-030-45367-1_14,10.1007/978-3-030-45367-1_14,Economics of Invasive Species,2021,2021-01-01,book-chapter,39,NA,NA,NA,TRUE,FALSE,8
doi:10.1109/ojcs.2021.3085846,W3166708802,https://doi.org/10.1109/ojcs.2021.3085846,10.1109/ojcs.2021.3085846,"Lattice: A Vision for Machine Learning, Data Engineering, and Policy Considerations for Digital Agriculture at Scale",2021,2021-01-01,article,33,IEEE Open Journal of the Computer Society,2644-1268,Institute of Electrical and Electronics Engineers,TRUE,FALSE,8
doi:10.1016/j.reseneeco.2019.101143,W2994849090,https://doi.org/10.1016/j.reseneeco.2019.101143,10.1016/j.reseneeco.2019.101143,"Depletion, climate, and the incremental value of groundwater",2019,2019-12-20,article,32,Resource and Energy Economics,0928-7655,Elsevier BV,FALSE,FALSE,5
doi:10.1007/s10683-020-09650-2,W3012531244,https://doi.org/10.1007/s10683-020-09650-2,10.1007/s10683-020-09650-2,Learning to accept welfare-enhancing policies: an experimental investigation of congestion pricing,2020,2020-03-20,article,24,Experimental Economics,1386-4157,Springer Science+Business Media,TRUE,FALSE,5
doi:10.1016/j.agwat.2022.107764,W4282928459,https://doi.org/10.1016/j.agwat.2022.107764,10.1016/j.agwat.2022.107764,Remote sensing of field-scale irrigation withdrawals in the central Ogallala aquifer region,2022,2022-06-15,article,23,Agricultural Water Management,0378-3774,Elsevier BV,FALSE,FALSE,6
doi:10.1007/s11119-021-09807-w,W3158856111,https://doi.org/10.1007/s11119-021-09807-w,10.1007/s11119-021-09807-w,"Understanding the farm data lifecycle: collection, use, and impact of farm data on U.S. commercial corn and soybean farms",2021,2021-04-24,article,19,Precision Agriculture,1385-2256,Springer Science+Business Media,TRUE,FALSE,3
doi:10.1093/qopen/qoac028,W4302760106,https://doi.org/10.1093/qopen/qoac028,10.1093/qopen/qoac028,Economic assessment of foot-and-mouth disease outbreaks in Brazil,2022,2022-01-01,article,15,Q Open,2633-9048,Oxford University Press,TRUE,FALSE,4
doi:10.1371/journal.pwat.0000278,W4401695105,https://doi.org/10.1371/journal.pwat.0000278,10.1371/journal.pwat.0000278,A review of residential water conservation policies and attempts to measure their effectiveness,2024,2024-08-19,article,11,PLOS Water,2767-3219,Public Library of Science,TRUE,FALSE,3
doi:10.1111/ajae.12231,W3165941821,https://doi.org/10.1111/ajae.12231,10.1111/ajae.12231,Impacts of<scp>Block‐Rate</scp>Energy Pricing on Groundwater Demand in Irrigated Agriculture,2021,2021-05-31,article,11,American Journal of Agricultural Economics,0002-9092,Wiley,FALSE,FALSE,4
doi:10.1002/aepp.13340,W4316653239,https://doi.org/10.1002/aepp.13340,10.1002/aepp.13340,The economics of property rights in digital farming data: Implications for farmland markets,2023,2023-01-16,article,10,Applied Economic Perspectives and Policy,2040-5790,Wiley,TRUE,FALSE,3
doi:10.1002/jaa2.73,W4385067478,https://doi.org/10.1002/jaa2.73,10.1002/jaa2.73,Potential economic impacts of foot‐and‐mouth disease in Brazil: A case study for Mato Grosso and Paraná,2023,2023-07-20,article,10,Journal of the Agricultural and Applied Economics Association,2769-2485,Wiley,TRUE,FALSE,3
doi:10.1111/1477-9552.12440,W3161348351,https://doi.org/10.1111/1477-9552.12440,10.1111/1477-9552.12440,Precision agriculture technology adoption and technical efficiency,2021,2021-05-27,article,9,Journal of Agricultural Economics,0021-857X,Wiley,TRUE,FALSE,3
doi:10.1111/ajae.12503,W4405137934,https://doi.org/10.1111/ajae.12503,10.1111/ajae.12503,Mapping agents: A spatial economic analysis of agent location in the Federal Crop Insurance Program,2024,2024-12-07,article,1,American Journal of Agricultural Economics,0002-9092,Wiley,TRUE,FALSE,2
doi:10.1029/2024wr037196,W4404038588,https://doi.org/10.1029/2024wr037196,10.1029/2024wr037196,Integrated Water Management Under Different Water Rights Institutions and Population Patterns: Methodology and Application,2024,2024-11-01,article,2,Water Resources Research,0043-1397,Wiley,TRUE,FALSE,5
doi:10.1371/journal.pone.0320316,W4409325059,https://doi.org/10.1371/journal.pone.0320316,10.1371/journal.pone.0320316,Externalities in wild pig damages on U.S. crop and livestock farms: The role of landowner actions and landscape heterogeneity,2025,2025-04-10,article,2,PLoS ONE,1932-6203,Public Library of Science,TRUE,FALSE,4
doi:10.1108/afr-02-2023-0027,W4386790550,https://doi.org/10.1108/afr-02-2023-0027,10.1108/afr-02-2023-0027,Estimating US farmers' speed of climate change adaptation: the case of subsurface tile drainage,2023,2023-09-15,article,1,Agricultural Finance Review,0002-1466,Emerald Publishing Limited,FALSE,FALSE,2
doi:10.1016/j.jeem.2025.103125,W4406602699,https://doi.org/10.1016/j.jeem.2025.103125,10.1016/j.jeem.2025.103125,Insurance and extraction incentives in a common pool resource: Evidence from groundwater use in the high plains,2025,2025-01-20,article,1,Journal of Environmental Economics and Management,0095-0696,Elsevier BV,FALSE,FALSE,5
doi:10.3389/fvets.2025.1637190,W4414087324,https://doi.org/10.3389/fvets.2025.1637190,10.3389/fvets.2025.1637190,"Incorporating virtual fencing to manage yearling steers on extensive rangelands: spatial behavior, growth performance, and enteric methane emissions",2025,2025-09-10,article,1,Frontiers in Veterinary Science,2297-1769,Frontiers Media,TRUE,FALSE,12
doi:10.1016/j.rama.2025.08.010,W4414479085,https://doi.org/10.1016/j.rama.2025.08.010,10.1016/j.rama.2025.08.010,Steer Growth Performance and Enteric Gas Flux Across Backgrounding Phases in the Western Great Plains,2025,2025-09-24,article,1,Rangeland Ecology & Management,1550-7424,Elsevier BV,TRUE,FALSE,13
doi:10.1111/ajae.70021,W4415487719,https://doi.org/10.1111/ajae.70021,10.1111/ajae.70021,Abatement subsidies for groundwater conservation,2025,2025-10-23,article,1,American Journal of Agricultural Economics,0002-9092,Wiley,TRUE,FALSE,4
doi:10.1093/tas/txaf169,W7117588825,https://doi.org/10.1093/tas/txaf169,10.1093/tas/txaf169,Developing critical thinking and professional skills in animal science students through case-based learning and cognitive interventions,2025,2025-12-30,article,1,Translational Animal Science,2573-2102,Oxford University Press,TRUE,FALSE,4
doi:10.1186/s13021-026-00431-7,W7148776770,https://doi.org/10.1186/s13021-026-00431-7,10.1186/s13021-026-00431-7,Merging rigor and relevance in grazingland research: a comprehensive social-ecological monitoring approach,2026,2026-04-03,article,1,Carbon Balance and Management,1750-0680,Springer Science+Business Media,TRUE,FALSE,43
doi:10.1002/aepp.13223,W3018359190,https://doi.org/10.1002/aepp.13223,10.1002/aepp.13223,The impact of crop insurance on farm financial outcomes,2022,2022-01-03,article,2,Applied Economic Perspectives and Policy,2040-5790,Wiley,TRUE,FALSE,4
doi:10.56103/nactaj.v67i1.94,W4382025137,https://doi.org/10.56103/nactaj.v67i1.94,10.56103/nactaj.v67i1.94,Impacts of the COVID-19 Pandemic on Student Performance and Perceptions of Learning,2023,2023-06-07,article,2,NACTA Journal,0149-4910,NA,TRUE,FALSE,3
doi:10.1086/714148,W3027908917,https://doi.org/10.1086/714148,10.1086/714148,Policy Leakage or Policy Benefit? Spatial Spillovers from Conservation Policies in Common Property Resources,2021,2021-03-02,article,4,Journal of the Association of Environmental and Resource Economists,2333-5955,University of Chicago Press,FALSE,FALSE,4
doi:10.3368/le.100.4.041023-0032r1,W4393161275,https://doi.org/10.3368/le.100.4.041023-0032r1,10.3368/le.100.4.041023-0032r1,Value of Farm Data in Farmland Rental Markets,2024,2024-03-25,article,1,Land Economics,0023-7639,University of Wisconsin Press,FALSE,FALSE,5
doi:10.1016/j.jenvman.2021.113779,W3196648901,https://doi.org/10.1016/j.jenvman.2021.113779,10.1016/j.jenvman.2021.113779,Economic and environmental impacts of ballast water management on Small Island Developing States and Least Developed Countries,2021,2021-09-29,article,2,Journal of Environmental Management,0301-4797,Elsevier BV,TRUE,FALSE,4
doi:10.1093/qopen/qoab018,W3203835871,https://doi.org/10.1093/qopen/qoab018,10.1093/qopen/qoab018,Safeguard measures and fresh produce trade: The case of US blueberry imports,2021,2021-01-01,article,2,Q Open,2633-9048,Oxford University Press,TRUE,FALSE,2
doi:10.20506/ecoamr.3539,W4402760575,https://doi.org/10.20506/ecoamr.3539,10.20506/ecoamr.3539,Forecasting the Fallout from AMR: Economic Impacts of Antimicrobial Resistance in Humans. A report from the EcoAMR series,2024,2024-09-01,report,10,NA,NA,NA,FALSE,FALSE,0
doi:10.1007/s10584-022-03441-9,W4298000409,https://doi.org/10.1007/s10584-022-03441-9,10.1007/s10584-022-03441-9,"Correction to: Changing climate, changing minds? The effects of natural disasters on public perceptions of climate change",2022,2022-09-01,erratum,2,Climatic Change,0165-0009,Springer Science+Business Media,TRUE,FALSE,5
doi:10.3386/w30080,W4281859237,https://doi.org/10.3386/w30080,10.3386/w30080,Producer Beliefs and Conservation: The Impact of Perceived Water Scarcity on Irrigation Technology Adoption,2022,2022-05-01,report,0,National Bureau of Economic Research,NA,NA,FALSE,FALSE,3
doi:10.5032/jae.2022.03135,W4386489467,https://doi.org/10.5032/jae.2022.03135,10.5032/jae.2022.03135,Agrarianism in Agricultural Education: A Narrative Study,2022,2022-09-30,article,0,Journal of Agricultural Education,1042-0541,American Association for Agricultural Education,TRUE,FALSE,3
doi:10.1093/jas/skaf322,W4414471519,https://doi.org/10.1093/jas/skaf322,10.1093/jas/skaf322,"Evaluation of cattle sub-species and growth-promoting technology on growth performance, carcass characteristics, and gas flux of steers finished in summer feedlot conditions",2025,2025-01-01,article,0,Journal of Animal Science,0021-8812,Oxford University Press,TRUE,FALSE,13
doi:10.3168/jds.2025-28132,W7167262554,https://doi.org/10.3168/jds.2025-28132,10.3168/jds.2025-28132,Integrating automated body condition scores and lactation data via optimization algorithms for maximized milk revenue and minimized cost of delayed conception in dairy cows,2026,2026-07-01,article,0,Journal of Dairy Science,0022-0302,Elsevier BV,TRUE,FALSE,4
doi:10.1080/09644016.2022.2066285,W4225406346,https://doi.org/10.1080/09644016.2022.2066285,10.1080/09644016.2022.2066285,Climate cooperation in the shadow of solar geoengineering: an experimental investigation of the moral hazard conjecture,2022,2022-05-04,article,50,Environmental Politics,0964-4016,Taylor & Francis,TRUE,FALSE,5
doi:10.1111/csp2.12632,W4211022438,https://doi.org/10.1111/csp2.12632,10.1111/csp2.12632,Rapid changes in public perception toward a conservation initiative,2022,2022-02-10,article,43,Conservation Science and Practice,2578-4854,Society for Conservation Biology,TRUE,FALSE,11
doi:10.1146/annurev-resource-101620-080426,W3187830255,https://doi.org/10.1146/annurev-resource-101620-080426,10.1146/annurev-resource-101620-080426,Agricultural Labor Supply,2021,2021-07-02,article,34,Annual Review of Resource Economics,1941-1340,Annual Reviews,FALSE,FALSE,3
doi:10.1016/j.jclepro.2025.146920,W4416408763,https://doi.org/10.1016/j.jclepro.2025.146920,10.1016/j.jclepro.2025.146920,Life cycle assessment of open and closed hydroponic systems for vegetable (tomato and cucumber) production in arid lands,2025,2025-11-20,article,7,Journal of Cleaner Production,0959-6526,Elsevier BV,TRUE,FALSE,8
doi:10.1007/s10584-021-03009-z,W3134417504,https://doi.org/10.1007/s10584-021-03009-z,10.1007/s10584-021-03009-z,Does solar geoengineering crowd out climate change mitigation efforts? Evidence from a stated preference referendum on a carbon tax,2021,2021-03-01,article,30,Climatic Change,0165-0009,Springer Science+Business Media,TRUE,FALSE,4
doi:10.1108/afr-05-2021-0056,W4293087468,https://doi.org/10.1108/afr-05-2021-0056,10.1108/afr-05-2021-0056,The profitability implications of sales through local food markets for beginning farmers and ranchers,2022,2022-03-23,article,22,Agricultural Finance Review,0002-1466,Emerald Publishing Limited,TRUE,FALSE,5
doi:10.1111/1467-8489.12456,W3210113799,https://doi.org/10.1111/1467-8489.12456,10.1111/1467-8489.12456,Novel methods for an interesting time: Exploring U.S. local food systems’ impacts and initiatives to respond to COVID*,2021,2021-10-01,article,20,Australian Journal of Agricultural and Resource Economics,1364-985X,Wiley,TRUE,FALSE,8
doi:10.1002/aepp.13256,W4220797295,https://doi.org/10.1002/aepp.13256,10.1002/aepp.13256,Opportunities to support beginning farmers and ranchers in the 2023 Farm Bill,2022,2022-03-29,article,18,Applied Economic Perspectives and Policy,2040-5790,Wiley,TRUE,FALSE,7
doi:10.1016/j.rama.2024.06.004,W4401021950,https://doi.org/10.1016/j.rama.2024.06.004,10.1016/j.rama.2024.06.004,Beef Cattle Producer Perspectives on Virtual Fencing,2024,2024-07-26,article,17,Rangeland Ecology & Management,1550-7424,Elsevier BV,TRUE,FALSE,7
doi:10.1108/afr-05-2021-0070,W4200169516,https://doi.org/10.1108/afr-05-2021-0070,10.1108/afr-05-2021-0070,Unique financing strategies among beginning farmers and ranchers: differences among multigenerational and beginning operations,2021,2021-12-08,article,12,Agricultural Finance Review,0002-1466,Emerald Publishing Limited,FALSE,FALSE,5
doi:10.1016/j.rama.2024.03.004,W4394903695,https://doi.org/10.1016/j.rama.2024.03.004,10.1016/j.rama.2024.03.004,"What's in a Name? Standardizing Terminology for the Enhancement of Research, Extension, and Industry Applications of Virtual Fence Use on Grazing Livestock",2024,2024-04-17,article,11,Rangeland Ecology & Management,1550-7424,Elsevier BV,TRUE,FALSE,11
doi:10.1016/j.wre.2022.100212,W4308921092,https://doi.org/10.1016/j.wre.2022.100212,10.1016/j.wre.2022.100212,"More risk, more money: When are payments for water savings from limited irrigation profitable for farmers?",2022,2022-10-01,article,10,Water Resources and Economics,2212-4284,Elsevier BV,TRUE,FALSE,4
doi:10.13031/jash.15039,W4285193779,https://doi.org/10.13031/jash.15039,10.13031/jash.15039,Estimating the Nonfatal Injury Undercount in Agriculture from 2004 to 2019,2022,2022-01-01,article,8,Journal of Agricultural Safety and Health,1074-7583,NA,FALSE,FALSE,3
doi:10.1093/biosci/biaf026,W4410577500,https://doi.org/10.1093/biosci/biaf026,10.1093/biosci/biaf026,Transdisciplinary research priorities for a One Health approach to human–wildlife coexistence,2025,2025-05-21,article,4,BioScience,0006-3568,Oxford University Press,TRUE,FALSE,23
doi:10.3368/le.100.4.060823-0052r,W4393145512,https://doi.org/10.3368/le.100.4.060823-0052r,10.3368/le.100.4.060823-0052r,"Fat Tails, Flat Tails, and Willingness to Pay: Kriström Revisited",2024,2024-03-25,article,3,Land Economics,0023-7639,University of Wisconsin Press,FALSE,FALSE,3
doi:10.1146/annurev-resource-101623-093149,W4400748387,https://doi.org/10.1146/annurev-resource-101623-093149,10.1146/annurev-resource-101623-093149,The Nature of the Beast: Wildlife Valuation from the Iconic to the Ordinary,2024,2024-07-16,article,2,Annual Review of Resource Economics,1941-1340,Annual Reviews,TRUE,FALSE,3
doi:10.1002/aepp.13059,W3043055687,https://doi.org/10.1002/aepp.13059,10.1002/aepp.13059,Local Food Market Orientation and Labor Intensity,2020,2020-07-13,article,22,Applied Economic Perspectives and Policy,2040-5790,Wiley,FALSE,FALSE,3
doi:10.1086/728140,W4387444518,https://doi.org/10.1086/728140,10.1086/728140,International Climate Agreements under the Threat of Solar Geoengineering,2023,2023-10-09,article,9,Journal of the Association of Environmental and Resource Economists,2333-5955,University of Chicago Press,FALSE,FALSE,4
doi:10.3390/foods13193124,W4402991773,https://doi.org/10.3390/foods13193124,10.3390/foods13193124,Bilateral Trade Welfare Impacts of India’s Export Ban of Non-Basmati Rice Using the Global Partial Equilibrium Simulation Model (GSIM),2024,2024-09-30,article,6,Foods,2304-8158,Multidisciplinary Digital Publishing Institute,TRUE,FALSE,5
doi:10.1177/08912424241282425,W4403258135,https://doi.org/10.1177/08912424241282425,10.1177/08912424241282425,Building Representative State Groupings in an Input-Output Model for the Development of an Economic Impact Calculator for Nutrition Incentive Programs,2024,2024-10-09,article,1,Economic Development Quarterly,0891-2424,SAGE Publishing,TRUE,FALSE,7
doi:10.1016/j.worlddev.2025.107182,W4416538740,https://doi.org/10.1016/j.worlddev.2025.107182,10.1016/j.worlddev.2025.107182,Gendered networks and demand for an agricultural technology in India,2025,2025-10-10,article,1,World Development,0305-750X,Elsevier BV,TRUE,FALSE,4
doi:10.1007/s10584-023-03612-2,W4387253917,https://doi.org/10.1007/s10584-023-03612-2,10.1007/s10584-023-03612-2,Climate cooperation with risky solar geoengineering,2023,2023-10-01,article,6,Climatic Change,0165-0009,Springer Science+Business Media,FALSE,FALSE,3
doi:10.1017/s1742170523000145,W4366223024,https://doi.org/10.1017/s1742170523000145,10.1017/s1742170523000145,Producers marketing a novel crop: a field-level view of hemp market channels,2023,2023-01-01,article,5,Renewable Agriculture and Food Systems,1742-1705,Cambridge University Press,TRUE,FALSE,10
doi:10.1007/s10640-024-00854-1,W4393221258,https://doi.org/10.1007/s10640-024-00854-1,10.1007/s10640-024-00854-1,"Solar Geoengineering, Free-Driving and Conflict: An Experimental Investigation",2024,2024-03-27,article,4,Environmental and Resource Economics,0924-6460,Springer Science+Business Media,FALSE,FALSE,4
doi:10.1080/10871209.2024.2414880,W4403767062,https://doi.org/10.1080/10871209.2024.2414880,10.1080/10871209.2024.2414880,U.S. livestock producer interest in alternatives to compensation programs for wolf depredation,2024,2024-10-25,article,3,Human Dimensions of Wildlife,1087-1209,Taylor & Francis,FALSE,FALSE,6
doi:10.1016/j.worlddev.2025.107078,W4412025049,https://doi.org/10.1016/j.worlddev.2025.107078,10.1016/j.worlddev.2025.107078,Who is asking and how? Effects of survey mode and enumerator gender on measuring women’s life experience,2025,2025-07-04,article,1,World Development,0305-750X,Elsevier BV,TRUE,FALSE,4
doi:10.1126/science.adz3885,W4412622914,https://doi.org/10.1126/science.adz3885,10.1126/science.adz3885,Reinstate the National Climate Assessment,2025,2025-07-24,article,1,Science,0036-8075,American Association for the Advancement of Science,FALSE,FALSE,6
doi:10.1111/cobi.70326,W7161155482,https://doi.org/10.1111/cobi.70326,10.1111/cobi.70326,Psychometric framework for coexistence with large carnivores,2026,2026-05-14,article,1,Conservation Biology,0888-8892,Wiley,TRUE,FALSE,15
doi:10.3390/su13169375,W3193515861,https://doi.org/10.3390/su13169375,10.3390/su13169375,Valuing Cattle Manure as an Agricultural Resource for Efficiency and Environmental Sustainability,2021,2021-08-20,article,2,Sustainability,2071-1050,Multidisciplinary Digital Publishing Institute,TRUE,FALSE,2
doi:10.1093/qopen/qoab006,W3160910648,https://doi.org/10.1093/qopen/qoab006,10.1093/qopen/qoab006,Inequality hinders group efforts to avoid environmental disasters,2021,2021-01-01,article,3,Q Open,2633-9048,Oxford University Press,TRUE,FALSE,2
doi:10.1080/19439342.2024.2319657,W4392906477,https://doi.org/10.1080/19439342.2024.2319657,10.1080/19439342.2024.2319657,Challenges to groundnut value chain development: lessons from an (attempted) experiment in Ghana,2024,2024-03-18,article,2,Journal of Development Effectiveness,1943-9342,Taylor & Francis,TRUE,FALSE,6
doi:10.1016/j.jdeveco.2024.103414,W4405747403,https://doi.org/10.1016/j.jdeveco.2024.103414,10.1016/j.jdeveco.2024.103414,Going the distance: Hybrid vocational training for women in Nepal,2024,2024-12-25,article,1,Journal of Development Economics,0304-3878,Elsevier BV,FALSE,FALSE,5
doi:10.1002/9780470282014.ch14,W1482969843,https://doi.org/10.1002/9780470282014.ch14,10.1002/9780470282014.ch14,Intellectual Property in Agricultural Biotechnology: Strategies for Open Access,2007,2007-10-11,other,8,NA,NA,NA,FALSE,FALSE,4
doi:10.2139/ssrn.4892791,W4400683073,https://doi.org/10.2139/ssrn.4892791,10.2139/ssrn.4892791,"The Contribution of Startups, Venture Finance, and Patenting to Innovation in U.S. Agriculture",2024,2024-01-01,preprint,1,SSRN Electronic Journal,1556-5068,RELX Group (Netherlands),TRUE,FALSE,3
doi:10.22004/ag.econ.311308,W3203596447,https://doi.org/10.22004/ag.econ.311308,10.22004/ag.econ.311308,COVID-19 and Farm Workers,2021,2021-01-01,article,0,"AgEcon Search (University of Minnesota, USA)",NA,University of Minnesota Rochester,TRUE,FALSE,4
doi:10.4337/9781788114288.00018,W4210786184,https://doi.org/10.4337/9781788114288.00018,10.4337/9781788114288.00018,A small collection of pen-and-paper classroom experiments for teaching environmental economics classes,2022,2022-01-18,book-chapter,0,Edward Elgar Publishing eBooks,NA,Edward Elgar Publishing,FALSE,FALSE,1
doi:10.1002/aepp.13302,W4283262314,https://doi.org/10.1002/aepp.13302,10.1002/aepp.13302,Potential beef cattle topics in the 2023 farm bill,2022,2022-06-21,article,0,Applied Economic Perspectives and Policy,2040-5790,Wiley,FALSE,FALSE,8
doi:10.1201/9781003149774-10,W4297516866,https://doi.org/10.1201/9781003149774-10,10.1201/9781003149774-10,An Introduction to the Economics of Climate Change and Animal Health,2022,2022-09-28,book-chapter,0,NA,NA,NA,FALSE,FALSE,3
doi:10.1201/9781003574040-12,W4403308619,https://doi.org/10.1201/9781003574040-12,10.1201/9781003574040-12,Reducing Wind Erosion Damages and the Conservation Reserve Program,2024,2024-10-10,book-chapter,0,NA,NA,NA,FALSE,FALSE,3
doi:10.7717/peerj.20732,W7127181137,https://doi.org/10.7717/peerj.20732,10.7717/peerj.20732,Drivers of wolf depredation reporting and compensation use intentions by livestock producers,2026,2026-02-02,article,0,PeerJ,2167-8359,"PeerJ, Inc.",TRUE,FALSE,6
doi:10.1007/s10640-026-01072-7,W7140229287,https://doi.org/10.1007/s10640-026-01072-7,10.1007/s10640-026-01072-7,Climate Intervention and Mitigation: Strategic Responses to Technological Advances in Solar Geoengineering,2026,2026-03-24,article,0,Environmental and Resource Economics,0924-6460,Springer Science+Business Media,TRUE,FALSE,3
doi:10.1002/ajae.70083,W7164191810,https://doi.org/10.1002/ajae.70083,10.1002/ajae.70083,The role of venture‐financed startups in innovation for US agriculture,2026,2026-06-10,article,0,American Journal of Agricultural Economics,0002-9092,Wiley,TRUE,FALSE,3
doi:10.22004/ag.econ.404698,W7168092414,https://doi.org/10.22004/ag.econ.404698,10.22004/ag.econ.404698,Profitability of Threshold-Based Flex Crop Strategies for Dryland Wheat Rotations,2026,2026-07-12,other,0,"AgEcon Search (University of Minnesota, USA)",NA,University of Minnesota Rochester,TRUE,FALSE,3
doi:10.1016/j.gfs.2025.100840,W4408565318,https://doi.org/10.1016/j.gfs.2025.100840,10.1016/j.gfs.2025.100840,Context is key to understand and improve livestock production systems,2025,2025-03-18,article,27,Global Food Security,2211-9124,Elsevier BV,TRUE,FALSE,20
doi:10.1002/jeq2.20599,W4400869718,https://doi.org/10.1002/jeq2.20599,10.1002/jeq2.20599,The LTAR Grazing Land Common Experiment at the Central Plains Experimental Range: Collaborative adaptive rangeland management,2024,2024-07-22,article,11,Journal of Environmental Quality,0047-2425,Wiley,TRUE,FALSE,10
doi:10.1016/j.jdeveco.2020.102620,W2779231959,https://doi.org/10.1016/j.jdeveco.2020.102620,10.1016/j.jdeveco.2020.102620,"Information, technology, and market rewards: Incentivizing aflatoxin control in Ghana",2021,2021-02-01,article,39,Journal of Development Economics,0304-3878,Elsevier BV,TRUE,FALSE,5
doi:10.1016/j.rala.2021.02.004,W3143326807,https://doi.org/10.1016/j.rala.2021.02.004,10.1016/j.rala.2021.02.004,Adaptive grazing management in semiarid rangelands: An outcome-driven focus,2021,2021-04-01,article,30,Rangelands,0190-0528,Elsevier BV,TRUE,FALSE,8
doi:10.1016/j.rala.2021.02.002,W3148129500,https://doi.org/10.1016/j.rala.2021.02.002,10.1016/j.rala.2021.02.002,Social learning lessons from Collaborative Adaptive Rangeland Management,2021,2021-04-02,article,28,Rangelands,0190-0528,Elsevier BV,TRUE,FALSE,9
doi:10.1111/ajae.12124,W3048471999,https://doi.org/10.1111/ajae.12124,10.1111/ajae.12124,Can Experiential Games and Improved Risk Coverage Raise Demand for Index Insurance? Evidence from Kenya,2020,2020-08-12,article,24,American Journal of Agricultural Economics,0002-9092,Wiley,FALSE,FALSE,7
doi:10.1016/j.smallrumres.2021.106611,W4205369369,https://doi.org/10.1016/j.smallrumres.2021.106611,10.1016/j.smallrumres.2021.106611,Effects of feed efficiency and diet on performance and carcass characteristics in growing wether lambs,2022,2022-01-04,article,20,Small Ruminant Research,0921-4488,Elsevier BV,TRUE,FALSE,7
doi:10.1016/j.jebo.2022.07.027,W4291734210,https://doi.org/10.1016/j.jebo.2022.07.027,10.1016/j.jebo.2022.07.027,Demand for Weather Index Insurance among Smallholder Farmers under Prospect Theory,2022,2022-08-13,article,17,Journal of Economic Behavior & Organization,0167-2681,Elsevier BV,FALSE,FALSE,4
doi:10.1086/720303,W4225547470,https://doi.org/10.1086/720303,10.1086/720303,Ecosystem Services and Land Rental Markets: Producer Costs of Bat Population Crashes,2022,2022-04-08,article,14,Journal of the Association of Environmental and Resource Economists,2333-5955,University of Chicago Press,FALSE,FALSE,2
doi:10.1093/tas/txae035,W4392736989,https://doi.org/10.1093/tas/txae035,10.1093/tas/txae035,"Preslaughter factors affecting mobility, blood parameters, bruising, and muscle pH of finished beef cattle in the United States",2024,2024-01-01,article,12,Translational Animal Science,2573-2102,Oxford University Press,TRUE,FALSE,6
doi:10.1016/j.rama.2024.04.011,W4399202799,https://doi.org/10.1016/j.rama.2024.04.011,10.1016/j.rama.2024.04.011,Does Drought Intensify the Effects of Black-Tailed Prairie Dogs on Livestock Production and Net Revenue in Semiarid Rangelands?,2024,2024-05-31,article,5,Rangeland Ecology & Management,1550-7424,Elsevier BV,FALSE,FALSE,4
doi:10.1016/j.rala.2022.04.002,W4281652952,https://doi.org/10.1016/j.rala.2022.04.002,10.1016/j.rala.2022.04.002,Stocking rate and marketing dates for yearling steers grazing rangelands: Can producers do things differently to increase economic net benefits?,2022,2022-06-03,article,11,Rangelands,0190-0528,Elsevier BV,TRUE,FALSE,9
doi:10.1016/j.jenvman.2022.116420,W4315631941,https://doi.org/10.1016/j.jenvman.2022.116420,10.1016/j.jenvman.2022.116420,"Financial barriers and opportunities for conservation adoption on U.S. rangelands: A region-wide, ranch-level economic assessment of NRCS-sponsored Greater Sage-grouse habitat conservation programs",2023,2023-01-11,article,11,Journal of Environmental Management,0301-4797,Elsevier BV,FALSE,FALSE,5
doi:10.1016/j.rala.2022.05.003,W4298120606,https://doi.org/10.1016/j.rala.2022.05.003,10.1016/j.rala.2022.05.003,Balancing ecosystem service outcomes at the ranch-scale in shortgrass steppe: The role of grazing management,2022,2022-09-30,article,10,Rangelands,0190-0528,Elsevier BV,TRUE,FALSE,8
doi:10.1016/j.rama.2022.09.003,W4307954858,https://doi.org/10.1016/j.rama.2022.09.003,10.1016/j.rama.2022.09.003,Evaluating Prairie Dog–Cattle Competition from the Perspective of a Ranching Enterprise in the Western Great Plains: Economic Analysis of Potential Effects on Long-Term Profitability,2022,2022-10-30,article,10,Rangeland Ecology & Management,1550-7424,Elsevier BV,FALSE,FALSE,6
doi:10.3390/agriculture13040831,W4362614797,https://doi.org/10.3390/agriculture13040831,10.3390/agriculture13040831,Developing a Crop Water Production Function for Alfalfa under Deficit Irrigation: A Case Study in Eastern Colorado,2023,2023-04-04,article,8,Agriculture,2077-0472,Multidisciplinary Digital Publishing Institute,TRUE,FALSE,5
doi:10.3390/su14052859,W4214897389,https://doi.org/10.3390/su14052859,10.3390/su14052859,Returns to Disease Resistance Research When Pest Management Is an Option,2022,2022-03-01,article,7,Sustainability,2071-1050,Multidisciplinary Digital Publishing Institute,TRUE,FALSE,4
doi:10.1093/tas/txad150,W4390544728,https://doi.org/10.1093/tas/txad150,10.1093/tas/txad150,"Benchmarking current preslaughter management factors, welfare indicators, and meat quality outcomes at commercial fed cattle processing facilities in the United States",2024,2024-01-01,article,6,Translational Animal Science,2573-2102,Oxford University Press,TRUE,FALSE,6
doi:10.1088/2515-7620/ad82b5,W4403054836,https://doi.org/10.1088/2515-7620/ad82b5,10.1088/2515-7620/ad82b5,Net zero initiative in U.S. beef and dairy systems: integrative on-farm recommendations for greenhouse gas reduction,2024,2024-10-01,article,4,Environmental Research Communications,2515-7620,IOP Publishing,TRUE,FALSE,13
doi:10.1016/j.rama.2025.01.007,W4408251596,https://doi.org/10.1016/j.rama.2025.01.007,10.1016/j.rama.2025.01.007,US Beef Cattle Inventory Trends With Implications for Land Use and Rangelands,2025,2025-03-08,article,4,Rangeland Ecology & Management,1550-7424,Elsevier BV,TRUE,FALSE,4
doi:10.1002/jeq2.70051,W4411467092,https://doi.org/10.1002/jeq2.70051,10.1002/jeq2.70051,Selecting performance indicators for farms and ranches engaged in collaborative agroecosystem research,2025,2025-06-20,article,3,Journal of Environmental Quality,0047-2425,Wiley,TRUE,FALSE,20
doi:10.2989/10220119.2025.2585814,W7134037685,https://doi.org/10.2989/10220119.2025.2585814,10.2989/10220119.2025.2585814,From data to decisions: the potential of real-time precision technologies to enhance adaptive grazing management for livestock ranchers,2026,2026-01-02,article,1,African Journal of Range and Forage Science,1022-0119,Taylor & Francis,FALSE,FALSE,11
doi:10.1093/jas/skaa405,W3116943314,https://doi.org/10.1093/jas/skaa405,10.1093/jas/skaa405,"Evaluation of biological and economic efficiency of the All Heifer, No Cow beef production system using a system dynamics model based on 6 yr of demonstration herd data",2020,2020-12-22,article,6,Journal of Animal Science,0021-8812,Oxford University Press,TRUE,FALSE,6
doi:10.1093/qopen/qoad027,W4387648594,https://doi.org/10.1093/qopen/qoad027,10.1093/qopen/qoad027,Type and frequency of wild pig-domestic livestock contacts and operator concern for disease spread,2023,2023-01-01,article,5,Q Open,2633-9048,Oxford University Press,TRUE,FALSE,3
doi:10.1093/tas/txae108,W4401040928,https://doi.org/10.1093/tas/txae108,10.1093/tas/txae108,An analysis of the influence of preslaughter management factors on welfare and meat quality outcomes in fed beef cattle in the United States,2024,2024-01-01,article,5,Translational Animal Science,2573-2102,Oxford University Press,TRUE,FALSE,6
doi:10.1017/inp.2023.8,W4322500407,https://doi.org/10.1017/inp.2023.8,10.1017/inp.2023.8,A ranching economic analysis of ventenata (<i>Ventenata dubia</i>) control in northeast Wyoming,2023,2023-02-27,article,4,Invasive Plant Science and Management,1939-7291,Cambridge University Press,TRUE,FALSE,3
doi:10.1016/j.rama.2024.01.007,W4391848077,https://doi.org/10.1016/j.rama.2024.01.007,10.1016/j.rama.2024.01.007,Flexible Stocking: Livestock Production and Economic Responses in Mixed-Grass Prairie,2024,2024-02-15,article,2,Rangeland Ecology & Management,1550-7424,Elsevier BV,TRUE,FALSE,6
doi:10.1002/ecs2.70397,W4414175545,https://doi.org/10.1002/ecs2.70397,10.1002/ecs2.70397,Synergies and trade‐offs between ecosystem services and economics in dryland cover crop systems,2025,2025-09-01,article,2,Ecosphere,2150-8925,Wiley,TRUE,FALSE,9
doi:10.1038/s44264-025-00105-w,W4416850448,https://doi.org/10.1038/s44264-025-00105-w,10.1038/s44264-025-00105-w,"Examining climate benefits from rangeland and pasture management practices in the United States: opportunities, tradeoffs, and information gaps",2025,2025-12-01,article,1,npj Sustainable Agriculture,2731-9202,NA,TRUE,FALSE,11
doi:10.1093/jas/skaf448,W7117544177,https://doi.org/10.1093/jas/skaf448,10.1093/jas/skaf448,"Evaluation of cattle sub-species and growth-promoting technology on growth performance, carcass characteristics, and enteric gas flux of steers finished in winter feedlot conditions",2025,2025-12-27,article,1,Journal of Animal Science,0021-8812,Oxford University Press,TRUE,FALSE,14
doi:10.1002/aepp.13383,W4377104004,https://doi.org/10.1002/aepp.13383,10.1002/aepp.13383,Coping with COVID‐19 shocks in rural Nepal,2023,2023-05-18,article,4,Applied Economic Perspectives and Policy,2040-5790,Wiley,TRUE,FALSE,3
doi:10.15232/aas.2022-02322,W4296713815,https://doi.org/10.15232/aas.2022-02322,10.15232/aas.2022-02322,Effects of harvest season on carcass characteristics of lambs in the Intermountain West,2022,2022-09-21,article,3,Applied Animal Science,2590-2865,Elsevier BV,FALSE,FALSE,8
doi:10.1016/j.forpol.2023.103071,W4388202182,https://doi.org/10.1016/j.forpol.2023.103071,10.1016/j.forpol.2023.103071,"A spatial dependence approach to assessing the impacts of Sustainable Forestry Initiative’s Fiber Sourcing certification on forestry Best Management Practices in Georgia, United States",2023,2023-10-26,article,0,Forest Policy and Economics,1389-9341,Elsevier BV,FALSE,FALSE,3
doi:10.1002/jaa2.93,W4389228450,https://doi.org/10.1002/jaa2.93,10.1002/jaa2.93,Estimating the ex ante adoption determinants of novel cropping systems with nonpecuniary benefits,2023,2023-11-30,article,0,Journal of the Agricultural and Applied Economics Association,2769-2485,Wiley,TRUE,FALSE,2
doi:10.1016/j.rama.2025.08.009,W4414414261,https://doi.org/10.1016/j.rama.2025.08.009,10.1016/j.rama.2025.08.009,Does Initial Body Size Influence Weight Gain of Stocker Steers During the Growing Season in Semiarid Western Great Plains Rangeland?,2025,2025-09-23,article,0,Rangeland Ecology & Management,1550-7424,Elsevier BV,TRUE,FALSE,5
doi:10.22004/ag.econ.387628,W7125015489,https://doi.org/10.22004/ag.econ.387628,10.22004/ag.econ.387628,Hemp Farming and Credit Access in the United States: Developing a Conceptual Framework for Future Research,2022,2022-01-01,article,0,"AgEcon Search (University of Minnesota, USA)",NA,University of Minnesota Rochester,TRUE,FALSE,3
doi:10.1016/j.rama.2026.03.004,W7155510746,https://doi.org/10.1016/j.rama.2026.03.004,10.1016/j.rama.2026.03.004,Unravelling the Influence of Adaptive Grazing Management with Multiple Paddocks on Cattle Production in Semiarid Rangeland,2026,2026-04-24,article,0,Rangeland Ecology & Management,1550-7424,Elsevier BV,TRUE,FALSE,8
doi:10.1016/j.rama.2026.04.003,W7162435065,https://doi.org/10.1016/j.rama.2026.04.003,10.1016/j.rama.2026.04.003,"Adaptive, Multipaddock Grazing Management Increased C3 and Reduced C4 Graminoids Without Changing Total Forage Production in Shortgrass Steppe",2026,2026-05-26,article,0,Rangeland Ecology & Management,1550-7424,Elsevier BV,TRUE,FALSE,7
doi:10.1093/tas/txag072,W7162752579,https://doi.org/10.1093/tas/txag072,10.1093/tas/txag072,"Effects of growth hormone implants on animal growth performance, feed intake, carcass characteristics, feeding behavior, gas flux emissions, and relative profitability of finishing Angus steers",2026,2026-01-01,article,0,Translational Animal Science,2573-2102,Oxford University Press,TRUE,FALSE,12
doi:10.1016/j.rama.2026.05.006,W7166506521,https://doi.org/10.1016/j.rama.2026.05.006,10.1016/j.rama.2026.05.006,Nutrient Runoff From North American Grasslands,2026,2026-06-29,article,0,Rangeland Ecology & Management,1550-7424,Elsevier BV,TRUE,FALSE,10
doi:10.1016/j.ecoser.2024.101601,W4391517522,https://doi.org/10.1016/j.ecoser.2024.101601,10.1016/j.ecoser.2024.101601,Investing in the wealth of nature through biodiversity and ecosystem service finance solutions,2024,2024-02-03,article,54,Ecosystem Services,2212-0416,Elsevier BV,FALSE,FALSE,5
doi:10.1038/s41559-020-01372-1,W3122428385,https://doi.org/10.1038/s41559-020-01372-1,10.1038/s41559-020-01372-1,The effectiveness of national biodiversity investments to protect the wealth of nature,2021,2021-01-18,article,47,Nature Ecology & Evolution,2397-334X,Nature Portfolio,FALSE,FALSE,5
doi:10.1016/j.eneco.2024.108176,W4406268583,https://doi.org/10.1016/j.eneco.2024.108176,10.1016/j.eneco.2024.108176,Intermittency and uncertainty in wind and solar energy: Impacts on the French electricity market,2025,2025-01-10,article,34,Energy Economics,0140-9883,Elsevier BV,FALSE,FALSE,3
doi:10.1111/conl.12955,W4384342652,https://doi.org/10.1111/conl.12955,10.1111/conl.12955,Essential planetary health workers: Positioning rangers within global policy,2023,2023-07-01,article,22,Conservation Letters,1755-263X,Wiley,TRUE,FALSE,15
doi:10.1038/s41586-026-10251-x,W7147329468,https://doi.org/10.1038/s41586-026-10251-x,10.1038/s41586-026-10251-x,Reproducibility and robustness of economics and political science research,2026,2026-04-01,article,7,Nature,0028-0836,Nature Portfolio,TRUE,FALSE,100
doi:10.2305/iucn.ch.2021.parks-27-sitc.en,W3137015242,https://doi.org/10.2305/iucn.ch.2021.parks-27-sitc.en,10.2305/iucn.ch.2021.parks-27-sitc.en,Building sustainable finance for resilient protected and conserved areas: lessons from COVID-19,2021,2021-03-11,article,35,PARKS,0960-233X,World Commission on Protected Areas,TRUE,FALSE,7
doi:10.1016/j.jebo.2021.12.012,W4200145669,https://doi.org/10.1016/j.jebo.2021.12.012,10.1016/j.jebo.2021.12.012,Experimental evidence of common pool resource use in the presence of uncertainty,2021,2021-12-29,article,22,Journal of Economic Behavior & Organization,0167-2681,Elsevier BV,FALSE,FALSE,3
doi:10.1016/j.buildenv.2021.108390,W3203151447,https://doi.org/10.1016/j.buildenv.2021.108390,10.1016/j.buildenv.2021.108390,Sociodemographic variations in the association between indoor environmental quality in school buildings and student performance,2021,2021-09-22,article,18,Building and Environment,0360-1323,Elsevier BV,FALSE,FALSE,8
doi:10.1111/ajae.12415,W4381852009,https://doi.org/10.1111/ajae.12415,10.1111/ajae.12415,Social comparisons and groundwater use: Evidence from <scp>Colorado</scp> and <scp>Kansas</scp>,2023,2023-06-22,article,13,American Journal of Agricultural Economics,0002-9092,Wiley,TRUE,FALSE,4
doi:10.1016/j.foodpol.2024.102672,W4400314702,https://doi.org/10.1016/j.foodpol.2024.102672,10.1016/j.foodpol.2024.102672,"Measuring changes in pork demand, welfare effects, and the role of information sources in the event of an African swine fever outbreak in the United States",2024,2024-07-01,article,11,Food Policy,0306-9192,Elsevier BV,FALSE,FALSE,3
doi:10.1086/729841,W4391542603,https://doi.org/10.1086/729841,10.1086/729841,Intermittency or Uncertainty? Impacts of Renewable Energy in Electricity Markets,2024,2024-02-05,article,10,Journal of the Association of Environmental and Resource Economists,2333-5955,University of Chicago Press,FALSE,FALSE,2
doi:10.1016/j.foodpol.2024.102727,W4402951903,https://doi.org/10.1016/j.foodpol.2024.102727,10.1016/j.foodpol.2024.102727,A comment on USDA Food Business Centers: Collaborations to nurture innovation in the food system,2024,2024-09-29,article,2,Food Policy,0306-9192,Elsevier BV,FALSE,FALSE,3
doi:10.1002/aepp.13046,W3042925910,https://doi.org/10.1002/aepp.13046,10.1002/aepp.13046,Local Foods Go Downstream: Exploring the Spatial Factors Driving U.S. Food Manufacturing,2020,2020-07-13,article,20,Applied Economic Perspectives and Policy,2040-5790,Wiley,TRUE,FALSE,4
doi:10.1016/j.ocecoaman.2023.106726,W4383032658,https://doi.org/10.1016/j.ocecoaman.2023.106726,10.1016/j.ocecoaman.2023.106726,Crowdfunding marine and coastal protected areas: Reducing the revenue gap and financial vulnerabilities revealed by COVID-19,2023,2023-07-03,article,10,Ocean & Coastal Management,0964-5691,Elsevier BV,FALSE,FALSE,11
doi:10.1016/j.jeem.2023.102820,W4367396773,https://doi.org/10.1016/j.jeem.2023.102820,10.1016/j.jeem.2023.102820,Linking carbon markets with different initial conditions,2023,2023-04-29,article,9,Journal of Environmental Economics and Management,0095-0696,Elsevier BV,FALSE,FALSE,1
doi:10.1016/j.eneco.2025.108351,W4407954727,https://doi.org/10.1016/j.eneco.2025.108351,10.1016/j.eneco.2025.108351,Residential demand for energy in light of changing solar prices,2025,2025-02-26,article,1,Energy Economics,0140-9883,Elsevier BV,FALSE,FALSE,3
doi:10.1002/aepp.13047,W3043543695,https://doi.org/10.1002/aepp.13047,10.1002/aepp.13047,Do Cottage Food Laws Reduce Barriers to Entry for Food Manufacturers?,2020,2020-07-13,article,10,Applied Economic Perspectives and Policy,2040-5790,Wiley,FALSE,FALSE,3
doi:10.1016/j.ecoser.2021.101351,W3193367627,https://doi.org/10.1016/j.ecoser.2021.101351,10.1016/j.ecoser.2021.101351,Finance for nature: Bridging the blue-green investment gap to inform the post-2020 global biodiversity framework,2021,2021-08-14,article,6,Ecosystem Services,2212-0416,Elsevier BV,FALSE,FALSE,2
doi:10.1016/j.jort.2023.100690,W4387150601,https://doi.org/10.1016/j.jort.2023.100690,10.1016/j.jort.2023.100690,Camping in clearcuts: The impacts of timber harvesting on USFS campground utilization,2023,2023-09-28,article,5,Journal of Outdoor Recreation and Tourism,2213-0780,Elsevier BV,TRUE,FALSE,3
doi:10.1111/csp2.13273,W4404445485,https://doi.org/10.1111/csp2.13273,10.1111/csp2.13273,Cost–benefit analysis as a decision tool for effective conservation planning—The case of the Nyerere Selous‐Udzungwa wildlife corridor in Tanzania,2024,2024-11-15,article,2,Conservation Science and Practice,2578-4854,Society for Conservation Biology,TRUE,FALSE,9
doi:10.1016/j.tfp.2025.101081,W4416373336,https://doi.org/10.1016/j.tfp.2025.101081,10.1016/j.tfp.2025.101081,"The unaccounted costs of slash pile burning: Carbon emissions and PM2.5 exposure in central Oregon, USA",2025,2025-11-19,article,1,Trees Forests and People,2666-7193,Elsevier BV,TRUE,FALSE,3
doi:10.1017/age.2025.11,W4409114506,https://doi.org/10.1017/age.2025.11,10.1017/age.2025.11,A roadmap for modeling institutional and values-based procurement decisions in food supply chains,2025,2025-04-01,article,2,Agricultural and Resource Economics Review,1068-2805,Cambridge University Press,TRUE,FALSE,4
doi:10.1007/s10640-022-00690-1,W4283699050,https://doi.org/10.1007/s10640-022-00690-1,10.1007/s10640-022-00690-1,Lottery Incentives and Resource Management: Evidence from the Agricultural Data Reporting Incentive Program (AgDRIP),2022,2022-06-28,article,3,Environmental and Resource Economics,0924-6460,Springer Science+Business Media,FALSE,FALSE,7
doi:10.1002/jaa2.78,W4386031430,https://doi.org/10.1002/jaa2.78,10.1002/jaa2.78,"Seasons, stress, salience, and support for cooperative groundwater management",2023,2023-08-21,article,2,Journal of the Agricultural and Applied Economics Association,2769-2485,Wiley,TRUE,FALSE,3
doi:10.3368/wple.97.3.030320-0031r1,W3204241389,https://doi.org/10.3368/wple.97.3.030320-0031r1,10.3368/wple.97.3.030320-0031r1,The Importance of Well Yield in Groundwater Demand Specifications,2021,2021-08-01,article,1,Land Economics,0023-7639,University of Wisconsin Press,FALSE,FALSE,4
doi:10.1002/aepp.13454,W4399361991,https://doi.org/10.1002/aepp.13454,10.1002/aepp.13454,Measuring the economic contribution of Agricultural and Applied Economics departments in the United States,2024,2024-06-05,article,0,Applied Economic Perspectives and Policy,2040-5790,Wiley,TRUE,FALSE,4
doi:10.3390/tourhosp5030032,W4399882779,https://doi.org/10.3390/tourhosp5030032,10.3390/tourhosp5030032,Assessing Economic Impacts of Mile High 420 Festival in Colorado,2024,2024-06-21,article,0,Tourism and Hospitality,2673-5768,Multidisciplinary Digital Publishing Institute,TRUE,FALSE,3
doi:10.1002/aepp.13531,W4410757952,https://doi.org/10.1002/aepp.13531,10.1002/aepp.13531,Exploring the relationship between growth in online shopping and multichannel food consumers,2025,2025-05-25,article,0,Applied Economic Perspectives and Policy,2040-5790,Wiley,TRUE,FALSE,2
doi:10.1016/j.socec.2025.102403,W4412450665,https://doi.org/10.1016/j.socec.2025.102403,10.1016/j.socec.2025.102403,Time pressure and motivated delay effects on sanctioning in a social dilemma: Experimental evidence,2025,2025-07-15,article,0,Journal of Behavioral and Experimental Economics,2214-8043,Elsevier BV,TRUE,FALSE,2
doi:10.3389/fclim.2025.1398452,W4413179794,https://doi.org/10.3389/fclim.2025.1398452,10.3389/fclim.2025.1398452,Unwinding the spiral of silence in rural America: looking backward with stories to plan forward,2025,2025-08-13,article,0,Frontiers in Climate,2624-9553,Frontiers Media,TRUE,FALSE,9
doi:10.1029/2024wr038504,W4415701601,https://doi.org/10.1029/2024wr038504,10.1029/2024wr038504,Water Scarcity Compounds the Negative Effects of Salinity on Irrigated Agriculture,2025,2025-10-30,article,0,Water Resources Research,0043-1397,Wiley,TRUE,FALSE,6
doi:10.1186/s40008-025-00359-0,W4415995576,https://doi.org/10.1186/s40008-025-00359-0,10.1186/s40008-025-00359-0,Revealing U.S. retail industries’ functional hierarchy through demand thresholds,2025,2025-11-07,article,0,Journal of Economic Structures,2193-2409,Springer Nature,TRUE,FALSE,5
doi:10.1111/jrh.70112,W7124536210,https://doi.org/10.1111/jrh.70112,10.1111/jrh.70112,Rural emergency hospitals: Emerging patterns of adaptation and community perception,2026,2026-01-01,article,0,The Journal of Rural Health,0890-765X,Wiley,TRUE,FALSE,6
doi:10.1016/j.jhealeco.2026.103121,W7128963714,https://doi.org/10.1016/j.jhealeco.2026.103121,10.1016/j.jhealeco.2026.103121,Nurse practitioner training and local medical provider supply,2026,2026-02-15,article,0,Journal of Health Economics,0167-6296,Elsevier BV,FALSE,FALSE,4
doi:10.1029/2025wr040427,W7162135996,https://doi.org/10.1029/2025wr040427,10.1029/2025wr040427,Groundwater Management Amidst a Changing Climate: A More Severe Climate Could Decrease the Value of Groundwater Conservation,2026,2026-05-01,article,0,Water Resources Research,0043-1397,Wiley,TRUE,FALSE,9
doi:10.1002/jaa2.70044,W7162422700,https://doi.org/10.1002/jaa2.70044,10.1002/jaa2.70044,Regionalizing the food dollar,2026,2026-05-26,article,0,Journal of the Agricultural and Applied Economics Association,2769-2485,Wiley,TRUE,FALSE,3
doi:10.1093/qopen/qoag018,W7163986589,https://doi.org/10.1093/qopen/qoag018,10.1093/qopen/qoag018,Assessing factors contributing to a healthy work ecosystem in the applied economics profession,2026,2026-06-06,article,0,Q Open,2633-9048,Oxford University Press,TRUE,FALSE,8
doi:10.1016/j.jclepro.2023.139224,W4387454956,https://doi.org/10.1016/j.jclepro.2023.139224,10.1016/j.jclepro.2023.139224,Sustainability of lettuce production: A comparison of local and centralized food production,2023,2023-10-09,article,22,Journal of Cleaner Production,0959-6526,Elsevier BV,FALSE,FALSE,3
doi:10.1038/s41597-026-07753-8,W7201847054,https://doi.org/10.1038/s41597-026-07753-8,10.1038/s41597-026-07753-8,Data-usage descriptors as search metadata: the case of food security data and the National Data Platform,2026,2026-08-07,data-paper,0,Scientific Data,2052-4463,Nature Portfolio,TRUE,FALSE,6
