publication_key,year,type,index_class,title_short,venue,doi,cited_by_count,impact_factor,n_dare_authors,faculty_names,faculty_last_names,research_areas,cross_area_publication,internal_collaboration,student_coauthored,added_from_coauthor_any,journal_article_countable,verified_peer_reviewed,in_reporting_window,edge_2026
titleyear:another look at alternative marketing arrangement use by the|2021,2021,BC,NA,Another Look at Alternative Marketing Arrangement Use by the Cattle and Beef Industry,"The U.S. Beef Supply Chain, Texas A&M AFPC",NA,NA,NA,1,Stephen Koontz,Koontz,Ag and Food,FALSE,FALSE,FALSE,FALSE,FALSE,FALSE,TRUE,0
titleyear:beyond gdp measuring rural assets and why it matters ch 40|2021,2021,BC,NA,Beyond GDP: Measuring Rural Assets and Why It Matters. Ch. 40,Investing in Rural Prosperity,NA,NA,NA,1,Becca Jablonski,Jablonski,Ag and Food,FALSE,FALSE,FALSE,FALSE,FALSE,FALSE,TRUE,0
doi:10.1007/978-3-030-45367-1_14,2021,BC,NA,Economics of Invasive Species (Chapter 14),"Invasive Species in Forests and Rangelands of the US, Springer",10.1007/978-3-030-45367-1_14,39,NA,1,Amanda Countryman,Countryman,Ag and Food,FALSE,FALSE,FALSE,FALSE,FALSE,FALSE,TRUE,0
doi:10.7208/chicago/9780226779195-007,2021,BC,NA,Venture Capital and the Transformation of Private R&D for Agriculture,Economics of Research and Innovation in Agriculture,10.7208/chicago/9780226779195-007,NA,NA,1,Gregory Graff,Graff,Ag and Food,FALSE,FALSE,FALSE,FALSE,FALSE,FALSE,TRUE,0
doi:10.1146/annurev-resource-101620-080426,2021,JA,a,Agricultural Labor Supply,Annual Review of Resource Economics,10.1146/annurev-resource-101620-080426,34,6.617,1,Alexandra Hill,Hill,Ag and Food,FALSE,FALSE,FALSE,FALSE,TRUE,TRUE,TRUE,0
doi:10.2305/iucn.ch.2021.parks-27-sitc.en,2021,JA,b,Building sustainable financing for resilient protected and conserved areas,PARKS,10.2305/iucn.ch.2021.parks-27-sitc.en,35,NA,1,Andrew Seidl,Seidl,ENRE,FALSE,FALSE,FALSE,FALSE,TRUE,TRUE,TRUE,0
doi:10.22004/ag.econ.311308,2021,JA,b,COVID-19 and Farm Workers,Western Economics Forum,10.22004/ag.econ.311308,0,NA,1,Alexandra Hill,Hill,Ag and Food,FALSE,FALSE,FALSE,FALSE,TRUE,TRUE,TRUE,0
doi:10.22004/ag.econ.311309,2021,JA,b,COVID-19 and the renewed migration to the rural west,Western Economics Forum,10.22004/ag.econ.311309,10,NA,1,Jude Bayham,Bayham,ENRE,FALSE,FALSE,TRUE,FALSE,TRUE,TRUE,TRUE,0
doi:10.1007/s10584-022-03441-9,2021,JA,a,Changing climate changing minds? Effects of natural disasters on public perceptions,Climatic Change,10.1007/s10584-022-03441-9,2,5.174,3,Chris Goemans; Dale Manning; Jordan Suter,Goemans; Manning; Suter,ENRE,FALSE,TRUE,FALSE,FALSE,TRUE,TRUE,TRUE,0
doi:10.1080/00036846.2020.1866160,2021,JA,a,Competitive and Welfare Effects of Private Label Presence in Differentiated Food Markets,Applied Economics,10.1080/00036846.2020.1866160,11,1.916,1,Alessandro Bonanno,Bonanno,Ag and Food,FALSE,FALSE,FALSE,FALSE,TRUE,TRUE,TRUE,0
doi:10.1017/jwe.2021.8,2021,JA,a,Consumer Stigma and the Reputation Trap Hypothesis,Journal of Wine Economics,10.1017/jwe.2021.8,2,2.178,2,Becca Jablonski; Marco Costanigro,Costanigro; Jablonski,Ag and Food,FALSE,TRUE,FALSE,FALSE,TRUE,TRUE,TRUE,0
doi:10.1002/aepp.13047,2021,JA,a,Do Cottage Food Laws Reduce Barriers to Entry for Food Manufacturers,Applied Economic Perspectives and Policy,10.1002/aepp.13047,10,4.89,1,Dawn Thilmany,Thilmany,Ag and Food,FALSE,FALSE,FALSE,FALSE,TRUE,TRUE,TRUE,0
doi:10.1007/s10584-021-03009-z,2021,JA,a,Does Solar Geoengineering Crowd Out Climate Change Mitigation Efforts,Climatic Change,10.1007/s10584-021-03009-z,30,5.174,1,Stephan Kroll,Kroll,ENRE,FALSE,FALSE,FALSE,FALSE,TRUE,TRUE,TRUE,0
doi:10.1002/wat2.1571,2021,JA,a,Dry landscapes and parched economies: drought impacts on nonagricultural sectors,WIREs Water,10.1002/wat2.1571,38,7.428,1,Jesse Burkhardt,Burkhardt,ENRE,FALSE,FALSE,FALSE,FALSE,TRUE,TRUE,TRUE,0
doi:10.1126/science.abe4943,2021,JA,a,Effects of land dispossession and forced migration on Indigenous peoples,Science,10.1126/science.abe4943,204,63.714,1,Jude Bayham,Bayham,ENRE,FALSE,FALSE,FALSE,FALSE,TRUE,TRUE,TRUE,0
doi:10.1002/aepp.13096,2021,JA,a,Emergency Food Provision for Children and Families during the Covid-19 Pandemic,Applied Economic Perspectives and Policy,10.1002/aepp.13096,60,4.89,2,Becca Jablonski; Rebecca Cleary,Cleary; Jablonski,Ag and Food,FALSE,TRUE,FALSE,FALSE,TRUE,TRUE,TRUE,0
doi:10.1017/s1742170519000371,2021,JA,a,Enhancing Understanding of Food Purchasing Patterns in the Northeast,Renewable Agriculture and Food Systems,10.1017/s1742170519000371,3,2.915,2,Alessandro Bonanno; Rebecca Cleary,Bonanno; Cleary,Ag and Food,FALSE,TRUE,TRUE,FALSE,TRUE,TRUE,TRUE,0
doi:10.3201/eid2709.204167,2021,JA,a,Estimating the Impact of Statewide Policies to Reduce Spread of SARS-CoV-2,Emerging Infectious Diseases,10.3201/eid2709.204167,17,16.126,1,Jude Bayham,Bayham,ENRE,FALSE,FALSE,FALSE,FALSE,TRUE,TRUE,TRUE,0
doi:10.1093/jas/skaa405,2021,JA,a,Evaluation of Biological and Economic Efficiency of the All Heifer No Cow Beef Production System,Journal of Animal Science,10.1093/jas/skaa405,6,3.338,1,Daniel Mooney,Mooney,Ag and Food,FALSE,FALSE,TRUE,FALSE,TRUE,TRUE,TRUE,0
titleyear:farm data collection and software adoption in commercial sca|2021,2021,JA,b,Farm Data Collection and Software Adoption in Commercial Scale US Corn-Soybean Farms,Western Economics Forum,NA,NA,NA,1,Nathan Delay,Delay,Ag and Food,FALSE,FALSE,FALSE,FALSE,TRUE,TRUE,TRUE,0
doi:10.1016/j.ecoser.2021.101351,2021,JA,a,Finance for Nature: Bridging the blue-green investment gap,Ecosystem Services,10.1016/j.ecoser.2021.101351,6,6.91,1,Andrew Seidl,Seidl,ENRE,FALSE,FALSE,FALSE,FALSE,TRUE,TRUE,TRUE,0
doi:10.21273/hortsci15871-21,2021,JA,a,GMO Turfgrass Introduction to the Market,HortScience,10.21273/hortsci15871-21,3,1.874,1,Joshua Berning,Berning,Ag and Food,FALSE,FALSE,FALSE,FALSE,TRUE,TRUE,TRUE,0
doi:10.1016/j.reseneeco.2019.101143,2021,JA,a,Groundwater Depletion Climate and the Incremental Value of Groundwater,Resource and Energy Economics,10.1016/j.reseneeco.2019.101143,32,3.553,3,Chris Goemans; Dale Manning; Jordan Suter,Goemans; Manning; Suter,ENRE,FALSE,TRUE,FALSE,FALSE,TRUE,TRUE,TRUE,0
doi:10.1002/aepp.13098,2021,JA,a,If You Build It Will it Matter? Food Stores Presence and Perceived Barriers,Applied Economic Perspectives and Policy,10.1002/aepp.13098,6,4.89,1,Alessandro Bonanno,Bonanno,Ag and Food,FALSE,FALSE,FALSE,FALSE,TRUE,TRUE,TRUE,0
titleyear:impacts of the covid 19 pandemic on agriculture and natural |2021,2021,JA,b,Impacts of the COVID-19 pandemic on agriculture and natural resources in the western US,Western Economics Forum,NA,NA,NA,1,Jude Bayham,Bayham,ENRE,FALSE,FALSE,FALSE,FALSE,TRUE,TRUE,TRUE,0
doi:10.1093/qopen/qoab006,2021,JA,a,Inequality Hinders Group Efforts to Avoid Environmental Disasters,Q Open,10.1093/qopen/qoab006,3,2.3,1,Stephan Kroll,Kroll,ENRE,FALSE,FALSE,FALSE,FALSE,TRUE,TRUE,TRUE,0
doi:10.1109/ojcs.2021.3085846,2021,JA,a,LATTICE: Machine Learning Data Engineering and Policy for Digital Agriculture,IEEE Open Journal of the Computer Society,10.1109/ojcs.2021.3085846,33,8.2,1,Nathan Delay,Delay,Ag and Food,FALSE,FALSE,FALSE,FALSE,TRUE,TRUE,TRUE,0
doi:10.1007/s10683-020-09650-2,2021,JA,a,Learning to Accept Welfare-Enhancing Policies: Congestion Pricing,Experimental Economics,10.1007/s10683-020-09650-2,24,2.387,2,Chris Goemans; Stephan Kroll,Goemans; Kroll,ENRE,FALSE,TRUE,FALSE,FALSE,TRUE,TRUE,TRUE,0
doi:10.1002/aepp.13059,2021,JA,a,Local Food Markets and Labor Intensity,Applied Economic Perspectives and Policy,10.1002/aepp.13059,22,4.89,2,Becca Jablonski; Dawn Thilmany,Jablonski; Thilmany,Ag and Food,FALSE,TRUE,FALSE,FALSE,TRUE,TRUE,TRUE,0
doi:10.1002/aepp.13046,2021,JA,a,Local Foods go Downstream: Exploring the Spatial Factors Driving US Food Manufacturing,Applied Economic Perspectives and Policy,10.1002/aepp.13046,20,4.89,1,Dawn Thilmany,Thilmany,Ag and Food,FALSE,FALSE,FALSE,FALSE,TRUE,TRUE,TRUE,0
doi:10.1177/0272989x211021603,2021,JA,a,Maximizing the Efficiency of Active Case Finding for SARS-CoV-2 Using Bandit Algorithms,Medical Decision Making,10.1177/0272989x211021603,9,2.749,1,Jude Bayham,Bayham,ENRE,FALSE,FALSE,FALSE,FALSE,TRUE,TRUE,TRUE,0
doi:10.1016/j.foodpol.2021.102119,2021,JA,a,Measuring stocks of community wealth and its association with food systems efforts,Food Policy,10.1016/j.foodpol.2021.102119,13,6.08,2,Alessandro Bonanno; Becca Jablonski,Bonanno; Jablonski,Ag and Food,FALSE,TRUE,FALSE,FALSE,TRUE,TRUE,TRUE,0
doi:10.1073/pnas.2008814118,2021,JA,a,Measuring voluntary and policy-induced social distancing behavior during COVID-19,Proceedings of the National Academy of Sciences,10.1073/pnas.2008814118,167,11.1,1,Jude Bayham,Bayham,ENRE,FALSE,FALSE,FALSE,FALSE,TRUE,TRUE,TRUE,0
doi:10.1111/1467-8489.12456,2021,JA,a,Novel methods for an interesting time: US local food systems impacts and initiatives to respond to COVID,Australian Journal of Agricultural and Resource Economics,10.1111/1467-8489.12456,20,3.2,2,Becca Jablonski; Dawn Thilmany,Jablonski; Thilmany,Ag and Food,FALSE,TRUE,TRUE,FALSE,TRUE,TRUE,TRUE,0
doi:10.1111/ajae.12192,2021,JA,a,Peers in the Field: Ability and Gender in Peer Effects among Agricultural Workers,American Journal of Agricultural Economics,10.1111/ajae.12192,12,4.2,2,Alexandra Hill; Jesse Burkhardt,Burkhardt; Hill,Ag and Food; ENRE,TRUE,TRUE,FALSE,FALSE,TRUE,TRUE,TRUE,0
doi:10.1086/714148,2021,JA,a,Policy Leakage or Policy Benefit? Spatial Spillovers from Conservation Policies,Journal of the Association of Environmental and Resource Economists,10.1086/714148,4,3.2,3,Chris Goemans; Dale Manning; Jordan Suter,Goemans; Manning; Suter,ENRE,FALSE,TRUE,FALSE,FALSE,TRUE,TRUE,TRUE,0
doi:10.22004/ag.econ.317782,2021,JA,b,Potential Impacts of Hard Infrastructure Development on Food and Agricultural Trade,Journal of Food Distribution Research,10.22004/ag.econ.317782,NA,NA,1,Amanda Countryman,Countryman,Ag and Food,FALSE,FALSE,TRUE,FALSE,TRUE,TRUE,TRUE,0
doi:10.1002/agr.21688,2021,JA,a,Promoting Farmers Markets via Information Nudges and Coupons,Agribusiness: An International Journal,10.1002/agr.21688,10,2.841,2,Becca Jablonski; Marco Costanigro,Costanigro; Jablonski,Ag and Food,FALSE,TRUE,TRUE,FALSE,TRUE,TRUE,TRUE,0
titleyear:recent trends in pa technology adoption and bundling in corn|2021,2021,JA,b,Recent Trends in PA Technology Adoption and Bundling in Corn Production,Western Economics Forum,NA,NA,NA,1,Nathan Delay,Delay,Ag and Food,FALSE,FALSE,TRUE,FALSE,TRUE,TRUE,TRUE,0
doi:10.1038/s41598-021-82574-w,2021,JA,a,Risk compensation and face mask mandates during the COVID-19 pandemic,Scientific Reports,10.1038/s41598-021-82574-w,102,4.996,1,Jude Bayham,Bayham,ENRE,FALSE,FALSE,FALSE,FALSE,TRUE,TRUE,TRUE,0
doi:10.1093/qopen/qoab018,2021,JA,a,Safeguard Measures and Fresh Produce Trade: U.S. Blueberry Imports,Q Open,10.1093/qopen/qoab018,2,2.3,1,Amanda Countryman,Countryman,Ag and Food,FALSE,FALSE,FALSE,FALSE,TRUE,TRUE,TRUE,0
doi:10.1002/aepp.13130,2021,JA,a,School Meals and Quality of Household Food Acquisitions,Applied Economic Perspectives and Policy,10.1002/aepp.13130,1,4.89,2,Alessandro Bonanno; Rebecca Cleary,Bonanno; Cleary,Ag and Food,FALSE,TRUE,TRUE,FALSE,TRUE,TRUE,TRUE,0
doi:10.1016/j.buildenv.2021.108390,2021,JA,a,Sociodemographic variations in indoor environmental quality and student performance,Building and Environment,10.1016/j.buildenv.2021.108390,18,7.093,1,Jordan Suter,Suter,ENRE,FALSE,FALSE,FALSE,FALSE,TRUE,TRUE,TRUE,0
doi:10.1111/josh.13013,2021,JA,a,The Impact of State Farm to School Procurement Incentives on School Purchasing Decisions,Journal of School Health,10.1111/josh.13013,10,2.46,3,Becca Jablonski; Marco Costanigro; Marshall Frasier,Costanigro; Frasier; Jablonski,Ag and Food,FALSE,TRUE,TRUE,FALSE,TRUE,TRUE,TRUE,0
doi:10.1093/qopen/qoab005,2021,JA,a,"The Impacts of COVID-19 on GDP, food prices, and food security",Q Open,10.1093/qopen/qoab005,51,2.3,1,Amanda Countryman,Countryman,Ag and Food,FALSE,FALSE,FALSE,FALSE,TRUE,TRUE,TRUE,0
doi:10.1111/ajae.12212,2021,JA,a,The Importance of Agriculture in the Economy: Impacts from COVID-19,American Journal of Agricultural Economics,10.1111/ajae.12212,189,4.2,1,Amanda Countryman,Countryman,Ag and Food,FALSE,FALSE,FALSE,FALSE,TRUE,TRUE,TRUE,0
doi:10.3368/wple.97.3.030320-0031r1,2021,JA,a,The Importance of Well Yield in Groundwater Demand Specification,Land Economics,10.3368/wple.97.3.030320-0031r1,1,2.03,1,Jordan Suter,Suter,ENRE,FALSE,FALSE,FALSE,FALSE,TRUE,TRUE,TRUE,0
doi:10.1038/s41559-020-01372-1,2021,JA,a,The effectiveness of national biodiversity investments to protect the wealth of nature,Nature Ecology and Evolution,10.1038/s41559-020-01372-1,47,19.1,1,Andrew Seidl,Seidl,ENRE,FALSE,FALSE,FALSE,FALSE,TRUE,TRUE,TRUE,0
doi:10.54605/fec20210204,2021,JA,b,Time Reallocation and the Cost and Benefit of School Closures During an Epidemic,Frontiers of Economics in China,10.54605/fec20210204,1,NA,1,Jude Bayham,Bayham,ENRE,FALSE,FALSE,FALSE,FALSE,TRUE,TRUE,TRUE,0
doi:10.1016/j.foodpol.2021.102045,2021,JA,a,Too Cool for Farm to School? Determinants of Farm to School Programming Continuation,Food Policy,10.1016/j.foodpol.2021.102045,15,6.08,1,Alessandro Bonanno,Bonanno,Ag and Food,FALSE,FALSE,FALSE,FALSE,TRUE,TRUE,TRUE,0
doi:10.1007/s11119-021-09807-w,2021,JA,a,Understanding the Farm Data Lifecycle,Precision Agriculture,10.1007/s11119-021-09807-w,19,5.767,1,Nathan Delay,Delay,Ag and Food,FALSE,FALSE,FALSE,FALSE,TRUE,TRUE,TRUE,0
doi:10.3390/su13169375,2021,JA,a,Valuing Cattle Manure as an Agricultural Resource for Efficiency and Environmental Sustainability,Sustainability,10.3390/su13169375,2,3.889,1,Dana Hoag,Hoag,ENRE,FALSE,FALSE,TRUE,FALSE,TRUE,TRUE,TRUE,0
titleyear:price discovery in fed cattle and beef markets does volume o|2021,2021,RP,NA,Price Discovery in Fed Cattle and Beef Markets: Does Volume of Cash Trade Have an Impact,American Farm Bureau Federation Research Report,NA,NA,NA,1,Stephen Koontz,Koontz,Ag and Food,FALSE,FALSE,FALSE,FALSE,FALSE,FALSE,TRUE,0
doi:10.1111/ajae.12198,2021,RP,NA,Reputation Leaders and Quality Laggards (book review AJAE),American Journal of Agricultural Economics,10.1111/ajae.12198,0,4.2,1,Marco Costanigro,Costanigro,Ag and Food,FALSE,FALSE,FALSE,FALSE,FALSE,FALSE,TRUE,0
doi:10.4337/9781788114288.00018,2022,BC,NA,A Small Collection of Pen-and-Paper Classroom Experiments for Teaching Environmental Economics,Teaching Environmental and Natural Resource Economics,10.4337/9781788114288.00018,0,NA,1,Stephan Kroll,Kroll,ENRE,FALSE,FALSE,FALSE,FALSE,FALSE,FALSE,TRUE,0
doi:10.1201/9781003149774-10,2022,BC,NA,An Introduction to the Economics of Climate Change and Animal Health,Climate Change and Animal Health,10.1201/9781003149774-10,0,NA,2,Andrew Seidl; Gregory Graff,Graff; Seidl,Ag and Food,FALSE,TRUE,FALSE,FALSE,FALSE,FALSE,TRUE,0
titleyear:framing and evaluating the economic impacts of food system p|2022,2022,BC,NA,"Framing and evaluating the economic impacts of food system policies, programs and initiatives",Food Systems Modeling (Elsevier),NA,NA,NA,2,Becca Jablonski; Dawn Thilmany,Jablonski; Thilmany,Ag and Food,FALSE,TRUE,FALSE,FALSE,FALSE,FALSE,TRUE,0
titleyear:inquiry within between and beyond disciplines|2022,2022,BC,NA,"Inquiry within, between, and beyond disciplines",Food Systems Modeling (Elsevier),NA,NA,NA,1,Becca Jablonski,Jablonski,Ag and Food,FALSE,FALSE,FALSE,FALSE,FALSE,FALSE,TRUE,0
doi:10.1016/j.rala.2021.02.004,2022,JA,b,Adaptive Grazing Management in Semiarid Rangelands: An Outcome-driven Focus,Rangelands,10.1016/j.rala.2021.02.004,30,NA,1,John Ritten,Ritten,Ag and Food,FALSE,FALSE,FALSE,FALSE,TRUE,TRUE,TRUE,0
doi:10.5032/jae.2022.03135,2022,JA,b,Agrarianism in Agricultural Education: A Narrative Study,Journal of Agricultural Education,10.5032/jae.2022.03135,0,NA,1,Kellie Enns,Enns,Ag Ed,FALSE,FALSE,FALSE,FALSE,TRUE,TRUE,TRUE,0
titleyear:agritourism extension in the united states|2022,2022,JA,b,Agritourism Extension in the United States,Applied Economics Teaching Resources,NA,NA,NA,1,Dawn Thilmany,Thilmany,Ag and Food,FALSE,FALSE,FALSE,FALSE,TRUE,TRUE,TRUE,0
doi:10.1016/j.rala.2022.05.003,2022,JA,b,Balancing Ecosystem Service Outcomes at the Ranch-Scale in Shortgrass Steppe,Rangelands,10.1016/j.rala.2022.05.003,10,NA,1,John Ritten,Ritten,Ag and Food,FALSE,FALSE,FALSE,FALSE,TRUE,TRUE,TRUE,0
doi:10.1111/ajae.12224,2022,JA,a,Conformity and Conservation: Home Landscaping and Water Conservation,American Journal of Agricultural Economics,10.1111/ajae.12224,9,4.2,1,Jesse Burkhardt,Burkhardt,ENRE,FALSE,FALSE,FALSE,FALSE,TRUE,TRUE,TRUE,0
doi:10.1002/wat2.1586,2022,JA,a,Data availability and sector-specific frameworks restrict drought impact quantification,WIREs Water,10.1002/wat2.1586,1,8.2,1,Jesse Burkhardt,Burkhardt,ENRE,FALSE,FALSE,FALSE,FALSE,TRUE,TRUE,TRUE,0
doi:10.1080/21606544.2022.2059015,2022,JA,a,Does air pollution increase electric vehicle adoption,Journal of Environmental Economics and Policy,10.1080/21606544.2022.2059015,11,1.2,2,Jesse Burkhardt; Jude Bayham,Bayham; Burkhardt,ENRE,FALSE,TRUE,FALSE,FALSE,TRUE,TRUE,TRUE,0
doi:10.1093/qopen/qoac028,2022,JA,a,Economic Assessment of Foot-and-Mouth Disease Outbreaks in Brazil,Q Open,10.1093/qopen/qoac028,15,2.3,1,Amanda Countryman,Countryman,Ag and Food,FALSE,FALSE,TRUE,FALSE,TRUE,TRUE,TRUE,0
titleyear:economic consequences of the wolf comeback in the western un|2022,2022,JA,b,Economic Consequences of the Wolf Comeback in the Western United States,Western Economics Forum,NA,NA,NA,1,Dana Hoag,Hoag,ENRE,FALSE,FALSE,FALSE,FALSE,TRUE,TRUE,TRUE,0
doi:10.1016/j.jenvman.2021.113779,2022,JA,a,Economic and Environmental Impacts of Ballast Water Management on SIDS and LDCs,Journal of Environmental Management,10.1016/j.jenvman.2021.113779,2,8.7,1,Amanda Countryman,Countryman,Ag and Food,FALSE,FALSE,TRUE,FALSE,TRUE,TRUE,TRUE,0
doi:10.1086/720303,2022,JA,a,Ecosystem Services and Land Rental Markets: Producer Costs of Bat Population Crashes,Journal of the Association of Environmental and Resource Economists,10.1086/720303,14,3.2,1,Dale Manning,Manning,ENRE,FALSE,FALSE,FALSE,FALSE,TRUE,TRUE,TRUE,0
doi:10.1016/j.smallrumres.2021.106611,2022,JA,a,Effects of Feed Efficiency and Diet on Performance and Carcass Characteristics in Growing Wether Lambs,Small Ruminant Research,10.1016/j.smallrumres.2021.106611,20,1.8,1,John Ritten,Ritten,Ag and Food,FALSE,FALSE,TRUE,FALSE,TRUE,TRUE,TRUE,0
doi:10.15232/aas.2022-02322,2022,JA,a,Effects of Harvest Season on Carcass Characteristics of Lambs Harvested in the Intermountain West,Applied Animal Science,10.15232/aas.2022-02322,3,1.5,1,John Ritten,Ritten,Ag and Food,FALSE,FALSE,TRUE,FALSE,TRUE,TRUE,TRUE,0
doi:10.13031/jash.15039,2022,JA,a,Estimating the Nonfatal Injury Undercount in Agriculture from 2004-2019,Journal of Agricultural Safety and Health,10.13031/jash.15039,8,0.9,1,Alexandra Hill,Hill,Ag and Food,FALSE,FALSE,FALSE,FALSE,TRUE,TRUE,TRUE,0
doi:10.1016/j.rama.2022.09.003,2022,JA,a,Evaluating economic impacts of prairie dog-cattle competition on ranching enterprises,Rangeland Ecology & Management,10.1016/j.rama.2022.09.003,10,2.3,1,John Ritten,Ritten,Ag and Food,FALSE,FALSE,TRUE,FALSE,TRUE,TRUE,TRUE,0
doi:10.1016/j.jebo.2021.12.012,2022,JA,a,Experimental Evidence of Common Pool Resource Use in the Presence of Uncertainty,Journal of Economic Behavior and Organization,10.1016/j.jebo.2021.12.012,22,2.3,1,Jordan Suter,Suter,ENRE,FALSE,FALSE,FALSE,FALSE,TRUE,TRUE,TRUE,0
doi:10.1016/j.ijpe.2022.108534,2022,JA,a,Facility Locations in the Fresh Produce Supply Chain,International Journal of Production Economics,10.1016/j.ijpe.2022.108534,27,12,1,Rebecca Cleary,Cleary,Ag and Food,FALSE,FALSE,FALSE,FALSE,TRUE,TRUE,TRUE,0
titleyear:farm level economics of bioenergy in the upper missouri rive|2022,2022,JA,b,Farm-Level Economics of Bioenergy in the Upper Missouri River Basin,Journal of the American Society of Farm Managers and Rural Appraisers,NA,NA,NA,1,John Ritten,Ritten,Ag and Food,FALSE,FALSE,TRUE,FALSE,TRUE,TRUE,TRUE,0
doi:10.1002/agr.21743,2022,JA,a,Food Retail Profits Competition and the Great Recession,Agribusiness: An International Journal,10.1002/agr.21743,6,3.2,1,Rebecca Cleary,Cleary,Ag and Food,FALSE,FALSE,FALSE,FALSE,TRUE,TRUE,TRUE,0
doi:10.1111/ajae.12231,2022,JA,a,Impacts of Block-Rate Energy Pricing on Groundwater Demand in Irrigated Agriculture,American Journal of Agricultural Economics,10.1111/ajae.12231,11,4.2,3,Chris Goemans; Dale Manning; Jordan Suter,Goemans; Manning; Suter,ENRE,FALSE,TRUE,TRUE,FALSE,TRUE,TRUE,TRUE,0
doi:10.1029/2021wr030712,2022,JA,a,Implicit and Explicit Biases for Recycled Water and Tap Water,Water Resources Research,10.1029/2021wr030712,19,5.4,1,Marco Costanigro,Costanigro,Ag and Food,FALSE,FALSE,FALSE,FALSE,TRUE,TRUE,TRUE,0
doi:10.1007/s10640-022-00690-1,2022,JA,a,Lottery Incentives and Resource Management: Evidence from AgDRIP,Environmental and Resource Economics,10.1007/s10640-022-00690-1,3,4.955,1,Jordan Suter,Suter,ENRE,FALSE,FALSE,FALSE,FALSE,TRUE,TRUE,TRUE,0
doi:10.1016/j.idm.2022.07.003,2022,JA,a,Model-Based Evaluation of Policy Impacts and COVID-19 Risk at Long Term Care Facilities,Infectious Disease Modelling,10.1016/j.idm.2022.07.003,13,2.5,1,Jude Bayham,Bayham,ENRE,FALSE,FALSE,FALSE,FALSE,TRUE,TRUE,TRUE,0
doi:10.1038/s41598-022-12253-x,2022,JA,a,Modeling the systemic risks of COVID-19 on the wildland firefighting workforce,Scientific Reports,10.1038/s41598-022-12253-x,5,4.6,1,Jude Bayham,Bayham,ENRE,FALSE,FALSE,FALSE,FALSE,TRUE,TRUE,TRUE,0
doi:10.1016/j.wre.2022.100212,2022,JA,a,More Risk More Money: When are Payments for Water Savings from Limited Irrigation Profitable,Water Resources and Economics,10.1016/j.wre.2022.100212,10,2.2,2,Dana Hoag; Daniel Mooney,Hoag; Mooney,Ag and Food; ENRE,TRUE,TRUE,TRUE,FALSE,TRUE,TRUE,TRUE,0
doi:10.22004/ag.econ.329528,2022,JA,b,Opportunities and Challenges Associated with Carbon Farming for US Row-Crop Producers,Choices,10.22004/ag.econ.329528,NA,NA,1,Nathan Delay,Delay,Ag and Food,FALSE,FALSE,TRUE,FALSE,TRUE,TRUE,TRUE,0
doi:10.1002/aepp.13256,2022,JA,a,Opportunities to support beginning farmers and ranchers in the 2023 Farm Bill,Applied Economic Perspectives and Policy,10.1002/aepp.13256,18,5.8,2,Becca Jablonski; Dawn Thilmany,Jablonski; Thilmany,Ag and Food,FALSE,TRUE,FALSE,FALSE,TRUE,TRUE,TRUE,0
doi:10.1088/2752-5309/ac7d69,2022,JA,a,Outside in: indoor and outdoor particulate air quality during wildfire smoke events,Environmental Research: Health,10.1088/2752-5309/ac7d69,52,8.3,2,Jesse Burkhardt; Jude Bayham,Bayham; Burkhardt,ENRE,FALSE,TRUE,FALSE,FALSE,TRUE,TRUE,TRUE,0
doi:10.1002/aepp.13302,2022,JA,a,Potential Beef Cattle Topics in the 2023 Farm Bill,Applied Economic Perspectives and Policy,10.1002/aepp.13302,0,5.8,1,Stephen Koontz,Koontz,Ag and Food,FALSE,FALSE,FALSE,FALSE,TRUE,TRUE,TRUE,0
doi:10.1111/1477-9552.12440,2022,JA,a,Precision Agriculture Adoption and Technical Efficiency,Journal of Agricultural Economics,10.1111/1477-9552.12440,9,3.4,1,Nathan Delay,Delay,Ag and Food,FALSE,FALSE,FALSE,FALSE,TRUE,TRUE,TRUE,0
doi:10.1111/csp2.12632,2022,JA,b,Rapid changes in public perception toward wolves,Conservation Science,10.1111/csp2.12632,43,NA,1,Dana Hoag,Hoag,ENRE,FALSE,FALSE,FALSE,FALSE,TRUE,TRUE,TRUE,0
doi:10.1016/j.agwat.2022.107764,2022,JA,a,Remote sensing of field-scale irrigation withdrawals in the central Ogallala aquifer,Agricultural Water Management,10.1016/j.agwat.2022.107764,23,6.7,2,Chris Goemans; Dale Manning,Goemans; Manning,ENRE,FALSE,TRUE,FALSE,FALSE,TRUE,TRUE,TRUE,0
doi:10.3390/su14052859,2022,JA,a,Returns to Disease Resistance Research when Pest Management is an Option,Sustainability,10.3390/su14052859,7,3.9,1,Daniel Mooney,Mooney,Ag and Food,FALSE,FALSE,FALSE,FALSE,TRUE,TRUE,TRUE,0
doi:10.1029/2022jd037446,2022,JA,a,Smoke-Driven Changes in Photosynthetically Active Radiation During US Growing Season,Journal of Geophysical Research: Atmospheres,10.1029/2022jd037446,11,4.4,1,Jesse Burkhardt,Burkhardt,ENRE,FALSE,FALSE,FALSE,FALSE,TRUE,TRUE,TRUE,0
doi:10.1016/j.rala.2021.02.002,2022,JA,b,Social learning lessons from Collaborative Adaptive Rangeland Management,Rangelands,10.1016/j.rala.2021.02.002,28,NA,1,John Ritten,Ritten,Ag and Food,FALSE,FALSE,FALSE,FALSE,TRUE,TRUE,TRUE,0
doi:10.1016/j.rala.2022.04.002,2022,JA,b,Stocking rate and marketing dates for yearling steers grazing rangelands,Rangelands,10.1016/j.rala.2022.04.002,11,NA,1,John Ritten,Ritten,Ag and Food,FALSE,FALSE,TRUE,FALSE,TRUE,TRUE,TRUE,0
doi:10.1007/s00181-021-02123-2,2022,JA,a,Strategic Supermarket Pricing of Private Labels and Manufacturer Brands,Empirical Economics,10.1007/s00181-021-02123-2,5,2.647,1,Rebecca Cleary,Cleary,Ag and Food,FALSE,FALSE,FALSE,FALSE,TRUE,TRUE,TRUE,0
doi:10.1371/journal.pone.0261833,2022,JA,a,Summer Crowds: USFS Campground Reservations During the COVID-19 Pandemic,PLOS ONE,10.1371/journal.pone.0261833,10,3.7,1,Jordan Suter,Suter,ENRE,FALSE,FALSE,TRUE,FALSE,TRUE,TRUE,TRUE,0
doi:10.1146/annurev-resource-111920-014804,2022,JA,a,The Economics of Wildfire in the United States,Annual Review of Resource Economics,10.1146/annurev-resource-111920-014804,79,5.8,1,Jude Bayham,Bayham,ENRE,FALSE,FALSE,FALSE,FALSE,TRUE,TRUE,TRUE,0
doi:10.1002/aepp.13223,2022,JA,a,The Impact of Crop Insurance on Farm Financial Outcomes,Applied Economic Perspectives and Policy,10.1002/aepp.13223,2,5.8,1,Nathan Delay,Delay,Ag and Food,FALSE,FALSE,FALSE,FALSE,TRUE,TRUE,TRUE,0
doi:10.1111/coep.12564,2022,JA,a,The Local Effects of Federal Law Enforcement Policies: Sanctuary Jurisdictions and Crime,Contemporary Economic Policy,10.1111/coep.12564,5,1.212,2,Dale Manning; Jesse Burkhardt,Burkhardt; Manning,ENRE,FALSE,TRUE,FALSE,FALSE,TRUE,TRUE,TRUE,0
doi:10.1029/2022gh000648,2022,JA,a,The Unintended Benefits of the Conservation Reserve Program for Air Quality,GeoHealth,10.1029/2022gh000648,9,4.8,1,Jude Bayham,Bayham,ENRE,FALSE,FALSE,FALSE,FALSE,TRUE,TRUE,TRUE,0
doi:10.1108/afr-05-2021-0056,2022,JA,a,The profitability implications of sales through local food markets for beginning farmers,Agricultural Finance Review,10.1108/afr-05-2021-0056,22,1.9,2,Becca Jablonski; Dawn Thilmany,Jablonski; Thilmany,Ag and Food,FALSE,TRUE,FALSE,FALSE,TRUE,TRUE,TRUE,0
doi:10.1108/afr-05-2021-0070,2022,JA,a,Unique Financing Strategies Among Beginning Farmers and Ranchers,Agricultural Finance Review,10.1108/afr-05-2021-0070,12,1.9,2,Becca Jablonski; Dawn Thilmany,Jablonski; Thilmany,Ag and Food,FALSE,TRUE,FALSE,FALSE,TRUE,TRUE,TRUE,0
doi:10.3386/w30080,2022,RP,NA,Producer Beliefs and Conservation: The Impact of Perceived Water Scarcity on Irrigation Technology Adoption,National Bureau of Economic Research,10.3386/w30080,0,NA,2,Chris Goemans; Dale Manning,Goemans; Manning,ENRE,FALSE,TRUE,TRUE,FALSE,FALSE,FALSE,TRUE,0
titleyear:the future of food and agricultural trade with china|2022,2022,RP,NA,The Future of Food and Agricultural Trade with China,Farm Foundation Issue Report,NA,NA,NA,1,Amanda Countryman,Countryman,Ag and Food,FALSE,FALSE,FALSE,FALSE,FALSE,FALSE,TRUE,0
titleyear:ukraine conflict disrupts agricultural production and intern|2022,2022,RP,NA,Ukraine Conflict Disrupts Agricultural Production and International Trade,Virginia Tech Global Agricultural Productivity Report,NA,NA,NA,1,Amanda Countryman,Countryman,Ag and Food,FALSE,FALSE,FALSE,FALSE,FALSE,FALSE,TRUE,0
doi:10.1016/j.forpol.2023.103071,2023,JA,a,A Spatial Dependent Approach to Assessing Impacts of Sustainable Forestry Initiative Certification,Forest Policy and Economics,10.1016/j.forpol.2023.103071,0,4,1,Nicholas Magnan,Magnan,Ag and Food,FALSE,FALSE,TRUE,FALSE,TRUE,TRUE,TRUE,0
doi:10.1017/inp.2023.8,2023,JA,a,A ranching economic analysis of ventenata control in northeast Wyoming,Invasive Plant Science and Management,10.1017/inp.2023.8,4,1.1,1,John Ritten,Ritten,Ag and Food,FALSE,FALSE,TRUE,FALSE,TRUE,TRUE,TRUE,0
doi:10.1016/j.scitotenv.2023.161964,2023,JA,a,Assessment of vulnerability to water shortage in semi-arid river basins,Science of the Total Environment,10.1016/j.scitotenv.2023.161964,34,9.8,2,Chris Goemans; Dale Manning,Goemans; Manning,ENRE,FALSE,TRUE,TRUE,FALSE,TRUE,TRUE,TRUE,0
doi:10.1080/00343404.2023.2166914,2023,JA,a,Beer sales in grocery and convenience stores: a glass half-full for craft brewers,Regional Studies,10.1080/00343404.2023.2166914,14,4.2,4,Dawn Thilmany; Joshua Berning; Jude Bayham; Marco Costanigro,Bayham; Berning; Costanigro; Thilmany,Ag and Food; ENRE,TRUE,TRUE,TRUE,FALSE,TRUE,TRUE,TRUE,0
doi:10.1108/afr-05-2023-0054,2023,JA,a,Beginning farmer status and financial performance differentials,Agricultural Finance Review,10.1108/afr-05-2023-0054,1,1.9,2,Alessandro Bonanno; Becca Jablonski,Bonanno; Jablonski,Ag and Food,FALSE,TRUE,FALSE,FALSE,TRUE,TRUE,TRUE,0
doi:10.1016/j.jort.2023.100690,2023,JA,a,Camping in Clearcuts: Impacts of Timber Harvesting on USFS Campground Utilization,Journal of Outdoor Recreation and Tourism,10.1016/j.jort.2023.100690,5,4.9,1,Jordan Suter,Suter,ENRE,FALSE,FALSE,FALSE,FALSE,TRUE,TRUE,TRUE,0
doi:10.1080/09644016.2022.2066285,2023,JA,a,Climate Cooperation in the Shadow of Solar Geoengineering: Moral Hazard Conjecture,Environmental Politics,10.1080/09644016.2022.2066285,50,5.9,1,Stephan Kroll,Kroll,ENRE,FALSE,FALSE,FALSE,FALSE,TRUE,TRUE,TRUE,0
doi:10.1007/s10584-023-03612-2,2023,JA,a,Climate Cooperation with Risky Solar Geoengineering,Climatic Change,10.1007/s10584-023-03612-2,6,4.8,1,Stephan Kroll,Kroll,ENRE,FALSE,FALSE,FALSE,FALSE,TRUE,TRUE,TRUE,0
doi:10.22004/ag.econ.320671,2023,JA,a,Comparative Profitability of Irrigated Cropping Activities for Temporary Water Transfers,Journal of Agricultural and Resource Economics,10.22004/ag.econ.320671,NA,1.4,1,Daniel Mooney,Mooney,Ag and Food,FALSE,FALSE,TRUE,FALSE,TRUE,TRUE,TRUE,0
doi:10.1002/aepp.13383,2023,JA,a,Coping with COVID-19 Shocks in Rural Nepal,Applied Economic Perspectives and Policy,10.1002/aepp.13383,4,5.8,1,Nicholas Magnan,Magnan,Ag and Food,FALSE,FALSE,TRUE,FALSE,TRUE,TRUE,TRUE,0
doi:10.1016/j.ocecoaman.2023.106726,2023,JA,b,Crowdfunding marine and coastal parks and protected areas,Ocean & Coastal Management,10.1016/j.ocecoaman.2023.106726,10,NA,1,Andrew Seidl,Seidl,ENRE,FALSE,FALSE,FALSE,FALSE,TRUE,TRUE,TRUE,0
doi:10.3390/agriculture13040831,2023,JA,b,Developing a Crop Water Production Function for Alfalfa Under Deficit Irrigation,Agriculture,10.3390/agriculture13040831,8,NA,1,Daniel Mooney,Mooney,Ag and Food,FALSE,FALSE,TRUE,FALSE,TRUE,TRUE,TRUE,0
doi:10.1111/ajae.12404,2023,JA,a,Dynamic Model of Entry: Dollar Stores,American Journal of Agricultural Economics,10.1111/ajae.12404,16,4.2,1,Lauren Chenarides,Chenarides,Ag and Food,FALSE,FALSE,FALSE,FALSE,TRUE,TRUE,TRUE,0
doi:10.1111/conl.12955,2023,JA,a,Essential planetary health workers: Positioning rangers within global policy,Conservation Letters,10.1111/conl.12955,22,8.5,1,Andrew Seidl,Seidl,ENRE,FALSE,FALSE,FALSE,FALSE,TRUE,TRUE,TRUE,0
doi:10.1108/afr-02-2023-0027,2023,JA,a,Estimating US Farmers Speed of Climate Change Adaptation: Subsurface Tile Drainage,Agricultural Finance Review,10.1108/afr-02-2023-0027,1,1.9,1,Nathan Delay,Delay,Ag and Food,FALSE,FALSE,TRUE,FALSE,TRUE,TRUE,TRUE,0
doi:10.1002/jaa2.93,2023,JA,a,Estimating the Ex-Ante Adoption Determinants of Novel Cropping Systems with Nonpecuniary Benefits,Journal of the Agricultural and Applied Economics Association,10.1002/jaa2.93,0,1.8,1,Daniel Mooney,Mooney,Ag and Food,FALSE,FALSE,FALSE,FALSE,TRUE,TRUE,TRUE,0
doi:10.1287/mnsc.2020.02074,2023,JA,a,Field experimental evidence on the effect of pricing on residential electricity conservation,Management Science,10.1287/mnsc.2020.02074,29,5.4,1,Jesse Burkhardt,Burkhardt,ENRE,FALSE,FALSE,FALSE,FALSE,TRUE,TRUE,TRUE,0
doi:10.1007/s12571-022-01322-8,2023,JA,a,Food Insecurity Among Immigrant Populations in the United States,Food Security,10.1007/s12571-022-01322-8,11,6.7,2,Joshua Berning; Rebecca Cleary,Berning; Cleary,Ag and Food,FALSE,TRUE,FALSE,FALSE,TRUE,TRUE,TRUE,0
doi:10.1002/aepp.13275,2023,JA,a,Food Insecurity and Time Use in Elderly vs Non-Elderly,Applied Economic Perspectives and Policy,10.1002/aepp.13275,8,5.8,3,Alessandro Bonanno; Joshua Berning; Rebecca Cleary,Berning; Bonanno; Cleary,Ag and Food,FALSE,TRUE,FALSE,FALSE,TRUE,TRUE,TRUE,0
doi:10.1016/j.wre.2023.100214,2023,JA,a,Further evidence on social comparison and residential water use,Water Resources and Economics,10.1016/j.wre.2023.100214,NA,2.2,3,Chris Goemans; Dale Manning; Jesse Burkhardt,Burkhardt; Goemans; Manning,ENRE,FALSE,TRUE,TRUE,FALSE,TRUE,TRUE,TRUE,0
doi:10.1108/bfj-09-2021-1000,2023,JA,a,Geographical Indications Prices and Marketing Margins,British Food Journal,10.1108/bfj-09-2021-1000,5,3.3,1,Alessandro Bonanno,Bonanno,Ag and Food,FALSE,FALSE,FALSE,FALSE,TRUE,TRUE,TRUE,0
doi:10.22004/ag.econ.320675,2023,JA,a,I say Milk you say Mylk: Demand separability and substitution in a broadened milk category,Journal of Agricultural and Resource Economics,10.22004/ag.econ.320675,NA,1.4,1,Alessandro Bonanno,Bonanno,Ag and Food,FALSE,FALSE,FALSE,FALSE,TRUE,TRUE,TRUE,0
doi:10.56103/nactaj.v67i1.94,2023,JA,b,Impacts of the COVID-19 Pandemic on Student Performance and Perceptions of Learning,NACTA Journal,10.56103/nactaj.v67i1.94,2,NA,1,Kellie Enns,Enns,Ag Ed,FALSE,FALSE,TRUE,FALSE,TRUE,TRUE,TRUE,0
doi:10.1016/j.jeem.2023.102820,2023,JA,a,Linking carbon markets with different initial conditions,Journal of Environmental Economics and Management,10.1016/j.jeem.2023.102820,9,5.9,1,Matt Woerman,Woerman,ENRE,FALSE,FALSE,FALSE,FALSE,TRUE,TRUE,TRUE,0
doi:10.22004/ag.econ.333520,2023,JA,b,Perspectives on Diversity Equity and Inclusion in the Agricultural and Applied Economics Profession,Applied Economics Teaching Resources,10.22004/ag.econ.333520,NA,NA,1,Dawn Thilmany,Thilmany,Ag and Food,FALSE,FALSE,FALSE,FALSE,TRUE,TRUE,TRUE,0
doi:10.1002/jaa2.73,2023,JA,a,Potential economic impacts of foot-and-mouth disease in Brazil,Journal of the Agricultural and Applied Economics Association,10.1002/jaa2.73,10,1.8,1,Amanda Countryman,Countryman,Ag and Food,FALSE,FALSE,TRUE,FALSE,TRUE,TRUE,TRUE,0
doi:10.22004/ag.econ.339678,2023,JA,b,Price Transmission and Asymmetry in the Colorado Potato Supply Chain,Journal of Food Distribution Research,10.22004/ag.econ.339678,NA,NA,1,Dawn Thilmany,Thilmany,Ag and Food,FALSE,FALSE,TRUE,FALSE,TRUE,TRUE,TRUE,0
doi:10.1017/s1742170523000145,2023,JA,a,Producers Marketing a Novel Crop: A Field-Level View of Hemp Market Channels,Renewable Agriculture and Food Systems,10.1017/s1742170523000145,5,2.7,3,Becca Jablonski; Daniel Mooney; Dawn Thilmany,Jablonski; Mooney; Thilmany,Ag and Food,FALSE,TRUE,TRUE,FALSE,TRUE,TRUE,TRUE,0
doi:10.1016/j.jenvman.2022.116420,2023,JA,a,Ranch-Level Economic Benefits of Working Lands Greater Sage-Grouse Conservation Programs,Journal of Environmental Management,10.1016/j.jenvman.2022.116420,11,8.7,1,John Ritten,Ritten,Ag and Food,FALSE,FALSE,FALSE,FALSE,TRUE,TRUE,TRUE,0
doi:10.22004/ag.econ.322851,2023,JA,a,Reductions in National Forest Campground Reservation Demand from Wildfire,Journal of Agricultural and Resource Economics,10.22004/ag.econ.322851,NA,1.4,2,Jordan Suter; Jude Bayham,Bayham; Suter,ENRE,FALSE,TRUE,FALSE,FALSE,TRUE,TRUE,TRUE,0
doi:10.1007/s11151-023-09926-w,2023,JA,a,Retail Markups and Discount-Store Entry,Review of Industrial Organization,10.1007/s11151-023-09926-w,6,1.313,1,Lauren Chenarides,Chenarides,Ag and Food,FALSE,FALSE,FALSE,FALSE,TRUE,TRUE,TRUE,0
doi:10.1002/jaa2.78,2023,JA,a,"Seasons, Stress, Salience, and Support for Cooperative Groundwater Management",Journal of the Agricultural and Applied Economics Association,10.1002/jaa2.78,2,1.8,1,Jordan Suter,Suter,ENRE,FALSE,FALSE,FALSE,FALSE,TRUE,TRUE,TRUE,0
doi:10.1016/j.jclepro.2023.139224,2023,JA,a,Sustainability of lettuce production: local and centralized food production,Journal of Cleaner Production,10.1016/j.jclepro.2023.139224,22,11.1,1,Jesse Burkhardt,Burkhardt,ENRE,FALSE,FALSE,FALSE,FALSE,TRUE,TRUE,TRUE,0
doi:10.1002/aepp.13340,2023,JA,a,The Economics of Property Rights in Digital Farming Data,Applied Economic Perspectives and Policy,10.1002/aepp.13340,10,5.8,1,Nathan Delay,Delay,Ag and Food,FALSE,FALSE,FALSE,FALSE,TRUE,TRUE,TRUE,0
doi:10.22004/ag.econ.339590,2023,JA,b,The Economics of Wildland Firefighting Aviation Procurement and Effectiveness,Western Economics Forum,10.22004/ag.econ.339590,NA,NA,1,Jude Bayham,Bayham,ENRE,FALSE,FALSE,TRUE,FALSE,TRUE,TRUE,TRUE,0
doi:10.1016/j.cdnut.2023.100292,2023,JA,a,The Influence of Food Assistance Program Participation on Home Food Environment,Current Developments in Nutrition,10.1016/j.cdnut.2023.100292,0,3.2,3,Alessandro Bonanno; Becca Jablonski; Rebecca Cleary,Bonanno; Cleary; Jablonski,Ag and Food,FALSE,TRUE,TRUE,FALSE,TRUE,TRUE,TRUE,0
doi:10.1093/qopen/qoad027,2023,JA,a,Type and Frequency of Wild Pig-Domestic Livestock Contacts and Operator Concern,Q Open,10.1093/qopen/qoad027,5,2.3,1,Daniel Mooney,Mooney,Ag and Food,FALSE,FALSE,FALSE,FALSE,TRUE,TRUE,TRUE,0
doi:10.1093/jofore/fvac042,2023,JA,a,Wildfire Response: A System on the Brink,Journal of Forestry,10.1093/jofore/fvac042,20,2.3,1,Jude Bayham,Bayham,ENRE,FALSE,FALSE,FALSE,FALSE,TRUE,TRUE,TRUE,0
doi:10.1016/j.gecco.2023.e02576,2023,JA,a,Willingness to pay for reintroducing wolves in a divided voting base,Global Ecology and Conservation,10.1016/j.gecco.2023.e02576,6,4,2,Dana Hoag; Jesse Burkhardt,Burkhardt; Hoag,ENRE,FALSE,TRUE,FALSE,FALSE,TRUE,TRUE,TRUE,0
titleyear:is us soil conservation policy a sustainable development|2024,2024,BC,NA,Is US soil conservation policy a sustainable development?,CRC Press,NA,NA,NA,1,Dana Hoag,Hoag,ENRE,FALSE,FALSE,FALSE,FALSE,FALSE,FALSE,TRUE,0
doi:10.7208/chicago/9780226830629-007,2024,BC,NA,Perceived Water Scarcity and Irrigation Technology Adoption (chapter),University of Chicago Press,10.7208/chicago/9780226830629-007,NA,NA,2,Chris Goemans; Dale Manning,Goemans; Manning,ENRE,FALSE,TRUE,TRUE,FALSE,FALSE,FALSE,TRUE,0
doi:10.1201/9781003574040-12,2024,BC,NA,Reducing wind erosion damages and the Conservation Reserve Program,CRC Press,10.1201/9781003574040-12,0,NA,1,Dana Hoag,Hoag,ENRE,FALSE,FALSE,FALSE,FALSE,FALSE,FALSE,TRUE,0
doi:10.1016/j.foodpol.2024.102727,2024,JA,a,A comment on USDA Food Business Centers: Collaborations to nurture innovation,Food Policy,10.1016/j.foodpol.2024.102727,2,6,1,Dawn Thilmany,Thilmany,Ag and Food,FALSE,FALSE,FALSE,FALSE,TRUE,TRUE,TRUE,0
doi:10.1371/journal.pwat.0000278,2024,JA,a,A review of residential water conservation policies,PLOS Water,10.1371/journal.pwat.0000278,11,2.8,1,Chris Goemans,Goemans,ENRE,FALSE,FALSE,FALSE,FALSE,TRUE,TRUE,TRUE,0
doi:10.22004/ag.econ.348009,2024,JA,b,Agricultural Producer Decision Making around Water Conservation in the Upper Colorado River Basin,Choices,10.22004/ag.econ.348009,NA,NA,1,Daniel Mooney,Mooney,Ag and Food,FALSE,FALSE,FALSE,FALSE,TRUE,TRUE,TRUE,0
doi:10.1111/ajae.12439,2024,JA,a,Air pollution weather and agricultural worker productivity,American Journal of Agricultural Economics,10.1111/ajae.12439,17,3.3,2,Jesse Burkhardt; Jude Bayham,Bayham; Burkhardt,ENRE,FALSE,TRUE,FALSE,FALSE,TRUE,TRUE,TRUE,0
titleyear:an outlook on evidence based policymaking|2024,2024,JA,b,An Outlook on Evidence-Based Policymaking,Choices,NA,NA,NA,1,Lauren Chenarides,Chenarides,Ag and Food,FALSE,FALSE,FALSE,FALSE,TRUE,TRUE,TRUE,0
doi:10.1093/tas/txae108,2024,JA,a,An analysis of preslaughter management factors on welfare and meat quality outcomes,Translational Animal Science,10.1093/tas/txae108,5,1.8,1,Daniel Mooney,Mooney,Ag and Food,FALSE,FALSE,TRUE,FALSE,TRUE,TRUE,TRUE,0
doi:10.3390/tourhosp5030032,2024,JA,b,Assessing Economic Impacts of Mile High 420 Festival in Colorado,Tourism and Hospitality,10.3390/tourhosp5030032,0,NA,1,Dawn Thilmany,Thilmany,Ag and Food,FALSE,FALSE,FALSE,FALSE,TRUE,TRUE,TRUE,0
doi:10.1016/j.rama.2024.06.004,2024,JA,a,Beef Cattle Producer Perspectives on Virtual Fencing,Rangeland Ecology & Management,10.1016/j.rama.2024.06.004,17,2.4,2,Dana Hoag; Daniel Mooney,Hoag; Mooney,Ag and Food; ENRE,TRUE,TRUE,TRUE,FALSE,TRUE,TRUE,TRUE,0
doi:10.1093/tas/txad150,2024,JA,a,Benchmarking Current Pre-Slaughter Management Factors Welfare Indicators and Meat Quality,Translational Animal Science,10.1093/tas/txad150,6,1.8,1,Daniel Mooney,Mooney,Ag and Food,FALSE,FALSE,TRUE,FALSE,TRUE,TRUE,TRUE,0
doi:10.3390/foods13193124,2024,JA,a,Bilateral trade welfare impacts of India’s export ban of non-basmati rice using the Global Partial Equilibrium Simulation Model (GSIM),Foods,10.3390/foods13193124,6,5.1,1,Dana Hoag,Hoag,ENRE,FALSE,FALSE,FALSE,FALSE,TRUE,TRUE,TRUE,0
doi:10.1177/08912424241282425,2024,JA,a,Building Representative State Groupings in an Input-Output Model for Nutrition Incentive Programs,Economic Development Quarterly,10.1177/08912424241282425,1,1.6,2,Becca Jablonski; Dawn Thilmany,Jablonski; Thilmany,Ag and Food,FALSE,TRUE,FALSE,FALSE,TRUE,TRUE,TRUE,0
doi:10.1080/19439342.2024.2319657,2024,JA,a,Challenges to Groundnut Value Chain Development: Lessons from an Attempted Experiment in Ghana,Journal of Development Effectiveness,10.1080/19439342.2024.2319657,2,0.5,1,Nicholas Magnan,Magnan,Ag and Food,FALSE,FALSE,TRUE,FALSE,TRUE,TRUE,TRUE,0
doi:10.22004/ag.econ.352133,2024,JA,b,Consumer Spending on Plant-Based Meat Alternatives,Choices,10.22004/ag.econ.352133,NA,NA,1,Lauren Chenarides,Chenarides,Ag and Food,FALSE,FALSE,TRUE,FALSE,TRUE,TRUE,TRUE,0
doi:10.1016/j.meatsci.2024.109597,2024,JA,a,Consumer willingness to pay for beef based on color and price discounts,Meat Science,10.1016/j.meatsci.2024.109597,24,6.1,1,Amanda Countryman,Countryman,Ag and Food,FALSE,FALSE,TRUE,FALSE,TRUE,TRUE,TRUE,0
doi:10.1111/csp2.13273,2024,JA,a,Cost-benefit analysis as a decision tool for conservation planning: Nyerere-Selous-Udzungwa Corridor,Conservation Science and Practice,10.1111/csp2.13273,2,2.8,1,Andrew Seidl,Seidl,ENRE,FALSE,FALSE,FALSE,FALSE,TRUE,TRUE,TRUE,0
doi:10.1162/99608f92.24c26aa9,2024,JA,a,Creating Engagements: Bringing the user into Data Democratization,Harvard Data Science Review,10.1162/99608f92.24c26aa9,3,2.5,1,Lauren Chenarides,Chenarides,Ag and Food,FALSE,FALSE,FALSE,FALSE,TRUE,TRUE,TRUE,0
doi:10.1007/s11747-024-01003-2,2024,JA,a,Delivering affordable clean energy to consumers,Journal of the Academy of Marketing Science,10.1007/s11747-024-01003-2,10,10.1,1,Jesse Burkhardt,Burkhardt,ENRE,FALSE,FALSE,FALSE,FALSE,TRUE,TRUE,TRUE,0
doi:10.1108/jm2-02-2024-0042,2024,JA,a,Determining the Optimal Food Hub Location in the Fresh Produce Supply Chain,Journal of Modelling in Management,10.1108/jm2-02-2024-0042,2,2.2,1,Rebecca Cleary,Cleary,Ag and Food,FALSE,FALSE,FALSE,FALSE,TRUE,TRUE,TRUE,0
doi:10.1002/aepp.13332,2024,JA,a,Disparities in Food Insecurity among Black and White Households,Applied Economic Perspectives and Policy,10.1002/aepp.13332,12,3.4,3,Alessandro Bonanno; Joshua Berning; Rebecca Cleary,Berning; Bonanno; Cleary,Ag and Food,FALSE,TRUE,FALSE,FALSE,TRUE,TRUE,TRUE,0
doi:10.1371/journal.pone.0310268,2024,JA,a,Economic effects of livestock disease burden in Ethiopia: a CGE analysis,PLOS ONE,10.1371/journal.pone.0310268,14,2.6,1,Amanda Countryman,Countryman,Ag and Food,FALSE,FALSE,TRUE,FALSE,TRUE,TRUE,TRUE,0
doi:10.22004/ag.econ.342181,2024,JA,a,Economy-Wide Effects of Bovine Spongiform Encephalopathy in Brazil,Journal of Agricultural and Resource Economics,10.22004/ag.econ.342181,NA,1.4,1,Amanda Countryman,Countryman,Ag and Food,FALSE,FALSE,TRUE,FALSE,TRUE,TRUE,TRUE,0
doi:10.1002/jaa2.95,2024,JA,a,Farm to School Programming Spillovers and Households Fruits and Vegetables Purchases,Journal of the Agricultural and Applied Economics Association,10.1002/jaa2.95,1,1.8,1,Alessandro Bonanno,Bonanno,Ag and Food,FALSE,FALSE,FALSE,FALSE,TRUE,TRUE,TRUE,0
doi:10.3368/le.100.4.060823-0052r,2024,JA,a,Fat Tails and WTP: Kristrom revisited,Land Economics,10.3368/le.100.4.060823-0052r,3,1.6,1,Lynne Lewis,Lewis,ENRE,FALSE,FALSE,FALSE,FALSE,TRUE,TRUE,TRUE,0
titleyear:feasibility of integrating cover crops into irrigated barley|2024,2024,JA,b,Feasibility of Integrating Cover Crops into Irrigated Barley,Journal of the American Society of Farm Managers and Rural Appraisers,NA,NA,NA,1,John Ritten,Ritten,Ag and Food,FALSE,FALSE,TRUE,FALSE,TRUE,TRUE,TRUE,0
doi:10.1002/jaa2.131,2024,JA,a,Federal Economic Data on Local and Regional Food Producers,Journal of the Agricultural and Applied Economics Association,10.1002/jaa2.131,0,1.8,3,Becca Jablonski; Dawn Thilmany; Lauren Chenarides,Chenarides; Jablonski; Thilmany,Ag and Food,FALSE,TRUE,FALSE,FALSE,TRUE,TRUE,TRUE,0
doi:10.1016/j.rama.2024.01.007,2024,JA,a,Flexible Stocking: Livestock Production and Economic Responses in Mixed-Grass Prairie,Rangeland Ecology & Management,10.1016/j.rama.2024.01.007,2,2.4,1,John Ritten,Ritten,Ag and Food,FALSE,FALSE,FALSE,FALSE,TRUE,TRUE,TRUE,0
doi:10.1002/aepp.13468,2024,JA,a,Global Economic Effects of War-Induced Agricultural Export Declines from Ukraine,Applied Economic Perspectives and Policy,10.1002/aepp.13468,24,3.4,1,Amanda Countryman,Countryman,Ag and Food,FALSE,FALSE,TRUE,FALSE,TRUE,TRUE,TRUE,0
doi:10.22004/ag.econ.348931,2024,JA,b,Grand Challenge: Safe Affordable Accessible and Acceptable Food,Choices,10.22004/ag.econ.348931,NA,NA,1,Lauren Chenarides,Chenarides,Ag and Food,FALSE,FALSE,FALSE,FALSE,TRUE,TRUE,TRUE,0
doi:10.22004/ag.econ.342182,2024,JA,a,Health News Environment and the Distribution of Diet Quality,Journal of Agricultural and Resource Economics,10.22004/ag.econ.342182,NA,1.4,1,Rebecca Cleary,Cleary,Ag and Food,FALSE,FALSE,FALSE,FALSE,TRUE,TRUE,TRUE,0
doi:10.1029/2024wr037196,2024,JA,a,Integrated water management under different water rights institutions,Water Resources Research,10.1029/2024wr037196,2,5,2,Chris Goemans; Dale Manning,Goemans; Manning,ENRE,FALSE,TRUE,TRUE,FALSE,TRUE,TRUE,TRUE,0
doi:10.1086/729841,2024,JA,a,Intermittency or uncertainty? Impacts of renewable energy in electricity markets,Journal of the Association of Environmental and Resource Economists,10.1086/729841,10,3.2,1,Matt Woerman,Woerman,ENRE,FALSE,FALSE,FALSE,FALSE,TRUE,TRUE,TRUE,0
doi:10.1086/728140,2024,JA,a,International Climate Agreements under the Threat of Solar Geoengineering,Journal of the Association of Environmental and Resource Economists,10.1086/728140,9,3.2,1,Stephan Kroll,Kroll,ENRE,FALSE,FALSE,FALSE,FALSE,TRUE,TRUE,TRUE,0
doi:10.1016/j.ecoser.2024.101601,2024,JA,a,Investing in the wealth of nature through biodiversity and ecosystem services finance solutions,Ecosystem Services,10.1016/j.ecoser.2024.101601,54,6.6,1,Andrew Seidl,Seidl,ENRE,FALSE,FALSE,FALSE,FALSE,TRUE,TRUE,TRUE,0
doi:10.1016/j.foodpol.2024.102672,2024,JA,a,Measuring changes in pork demand and welfare effects of African swine fever,Food Policy,10.1016/j.foodpol.2024.102672,11,6,1,Jordan Suter,Suter,ENRE,FALSE,FALSE,TRUE,FALSE,TRUE,TRUE,TRUE,0
doi:10.1002/aepp.13454,2024,JA,a,Measuring the Economic Contribution of Agricultural and Applied Economics Departments,Applied Economic Perspectives and Policy,10.1002/aepp.13454,0,3.4,1,Dawn Thilmany,Thilmany,Ag and Food,FALSE,FALSE,FALSE,FALSE,TRUE,TRUE,TRUE,0
doi:10.1088/2515-7620/ad82b5,2024,JA,a,Net Zero Initiative in US Beef and Dairy Systems,Environmental Research Communications,10.1088/2515-7620/ad82b5,4,2.9,1,John Ritten,Ritten,Ag and Food,FALSE,FALSE,FALSE,FALSE,TRUE,TRUE,TRUE,0
doi:10.1093/tas/txae035,2024,JA,a,Pre-Slaughter Factors Affecting Mobility Blood Parameters Bruising and Muscle pH,Translational Animal Science,10.1093/tas/txae035,12,1.8,1,Daniel Mooney,Mooney,Ag and Food,FALSE,FALSE,TRUE,FALSE,TRUE,TRUE,TRUE,0
doi:10.1016/j.forpol.2023.103115,2024,JA,a,Retention of Highly Qualified Wildland Firefighters in the Western US,Forest Policy and Economics,10.1016/j.forpol.2023.103115,8,3.8,1,Jude Bayham,Bayham,ENRE,FALSE,FALSE,FALSE,FALSE,TRUE,TRUE,TRUE,0
doi:10.1111/ajae.12415,2024,JA,a,Social Comparisons and Groundwater Use: Evidence from Colorado and Kansas,American Journal of Agricultural Economics,10.1111/ajae.12415,13,3.3,1,Jordan Suter,Suter,ENRE,FALSE,FALSE,FALSE,FALSE,TRUE,TRUE,TRUE,0
doi:10.1007/s10640-024-00854-1,2024,JA,a,Solar Geoengineering Free-Driving and Conflict: An Experimental Investigation,Environmental and Resource Economics,10.1007/s10640-024-00854-1,4,3.4,1,Stephan Kroll,Kroll,ENRE,FALSE,FALSE,FALSE,FALSE,TRUE,TRUE,TRUE,0
doi:10.1002/jeq2.20599,2024,JA,a,The LTAR Grazingland Common Experiment at the Central Plains Experimental Range,Journal of Environmental Quality,10.1002/jeq2.20599,11,2.3,1,John Ritten,Ritten,Ag and Food,FALSE,FALSE,FALSE,FALSE,TRUE,TRUE,TRUE,0
doi:10.1146/annurev-resource-101623-093149,2024,JA,a,The Nature of the Beast: Wildlife Valuation from the Iconic to the Ordinary,Annual Review of Resource Economics,10.1146/annurev-resource-101623-093149,2,8.4,1,Lynne Lewis,Lewis,ENRE,FALSE,FALSE,FALSE,FALSE,TRUE,TRUE,TRUE,0
doi:10.22004/ag.econ.342913,2024,JA,b,Total Ranch Analysis Colorado (TRAC): A Ranch Benchmarking Program,Journal of the American Society of Farm Managers and Rural Appraisers,10.22004/ag.econ.342913,NA,NA,1,Daniel Mooney,Mooney,Ag and Food,FALSE,FALSE,TRUE,FALSE,TRUE,TRUE,TRUE,0
doi:10.22004/ag.econ.344756,2024,JA,b,U.S. Meat Export Potential in ASEAN,Choices,10.22004/ag.econ.344756,NA,NA,1,Amanda Countryman,Countryman,Ag and Food,FALSE,FALSE,TRUE,FALSE,TRUE,TRUE,TRUE,0
doi:10.22004/ag.econ.344758,2024,JA,b,U.S. Soy Exports Could Crush it in ASEAN,Choices,10.22004/ag.econ.344758,NA,NA,1,Amanda Countryman,Countryman,Ag and Food,FALSE,FALSE,TRUE,FALSE,TRUE,TRUE,TRUE,0
doi:10.3368/le.100.4.041023-0032r1,2024,JA,a,Value of Farm Data in Farmland Rental Markets,Land Economics,10.3368/le.100.4.041023-0032r1,1,1.6,1,Nathan Delay,Delay,Ag and Food,FALSE,FALSE,FALSE,FALSE,TRUE,TRUE,TRUE,0
doi:10.22004/ag.econ.349293,2024,JA,b,Virtual Fencing: Economic and Policy Implications of an Emerging Livestock Technology,Western Economics Forum,10.22004/ag.econ.349293,NA,NA,4,Dana Hoag; Daniel Mooney; John Ritten; Nathan Delay,Delay; Hoag; Mooney; Ritten,Ag and Food; ENRE,TRUE,TRUE,FALSE,FALSE,TRUE,TRUE,TRUE,0
doi:10.1016/j.rama.2024.03.004,2024,JA,a,"What's in a Name? Standardizing Terminology for the Enhancement of Research, Extension, and Industry Applications of Virtual Fence Use on Grazing Livestock",Rangeland Ecology & Management,10.1016/j.rama.2024.03.004,11,2.4,1,Dana Hoag,Hoag,ENRE,FALSE,FALSE,FALSE,FALSE,TRUE,TRUE,TRUE,0
titleyear:economic valuation of landsat next|2024,2024,RP,NA,Economic Valuation of Landsat Next,United States Geological Survey,NA,NA,NA,1,Stephen Koontz,Koontz,Ag and Food,FALSE,FALSE,FALSE,FALSE,FALSE,FALSE,TRUE,0
doi:10.20506/ecoamr.3539,2024,RP,NA,Forecasting the Fallout from AMR (EcoAMR series),World Organisation for Animal Health / World Bank,10.20506/ecoamr.3539,10,NA,1,Amanda Countryman,Countryman,Ag and Food,FALSE,FALSE,FALSE,FALSE,FALSE,FALSE,TRUE,0
titleyear:unemployment and food insecurity amongst immigrants in the u|2024,2024,RP,NA,Unemployment and Food Insecurity Amongst Immigrants in the United States,Regional Economic Development Institute,NA,NA,NA,3,Alessandro Bonanno; Joshua Berning; Jude Bayham,Bayham; Berning; Bonanno,Ag and Food; ENRE,TRUE,TRUE,TRUE,FALSE,FALSE,FALSE,TRUE,0
doi:10.1002/9780470282014.ch14,2025,BC,NA,Intellectual Property in Agricultural Biotechnology: Strategies for Open Access,"Plant Biotechnology and Genetics: Principles, Techniques, and Applications",10.1002/9780470282014.ch14,8,NA,1,Gregory Graff,Graff,Ag and Food,FALSE,FALSE,FALSE,FALSE,FALSE,FALSE,TRUE,0
doi:10.1016/j.anscip.2025.08.183,2025,CP,NA,Incorporating precision management technologies to reduce beef cattle enteric CH4 emissions on rangelands,Animal-Science proceedings,10.1016/j.anscip.2025.08.183,NA,NA,1,Nathan Delay,Delay,Ag and Food,FALSE,FALSE,FALSE,FALSE,FALSE,TRUE,TRUE,0
doi:10.1017/age.2025.11,2025,JA,a,A Baseline Assessment of School Food Spending and Local Procurement,Agricultural and Resource Economics Review,10.1017/age.2025.11,2,2,1,Dawn Thilmany,Thilmany,Ag and Food,FALSE,FALSE,FALSE,FALSE,TRUE,TRUE,TRUE,0
doi:10.1016/j.foodpol.2025.102996,2025,JA,a,A Review of Data Linkages for Policy-Informing Research in Food and Ag Economics,Food Policy,10.1016/j.foodpol.2025.102996,3,6.8,1,Lauren Chenarides,Chenarides,Ag and Food,FALSE,FALSE,FALSE,FALSE,TRUE,TRUE,TRUE,0
doi:10.1111/ajae.70021,2025,JA,a,Abatement subsidies for groundwater conservation,American Journal of Agricultural Economics,10.1111/ajae.70021,1,4.9,2,Chris Goemans; Jordan Suter,Goemans; Suter,ENRE,FALSE,TRUE,FALSE,FALSE,TRUE,TRUE,TRUE,0
doi:10.1016/j.foohum.2025.100639,2025,JA,a,Addressing retail meat waste: a focus group study on discolored beef,Food and Humanity,10.1016/j.foohum.2025.100639,5,3.5,1,Amanda Countryman,Countryman,Ag and Food,FALSE,FALSE,FALSE,FALSE,TRUE,TRUE,TRUE,0
doi:10.1016/j.cropro.2025.107134,2025,JA,b,Alfalfa Harvest Timing Impacts on Alfalfa Weevil with Agronomic and Economic Contexts,Crop Production,10.1016/j.cropro.2025.107134,NA,NA,1,John Ritten,Ritten,Ag and Food,FALSE,FALSE,TRUE,FALSE,TRUE,TRUE,TRUE,0
doi:10.56103/nactaj.v69i1.210,2025,JA,b,An examination of the effectiveness of an institutional intervention to improve retention,NACTA Journal,10.56103/nactaj.v69i1.210,0,NA,3,Jenny Bennett; Kellie Enns; Nathan Clark,Bennett; Clark; Enns,Ag Ed,FALSE,TRUE,FALSE,FALSE,TRUE,TRUE,TRUE,0
doi:10.1002/jeq2.70051,2025,JA,a,Building consensus toward an effective performance indicator framework for sustainable farms,Journal of Environmental Quality,10.1002/jeq2.70051,3,2.6,1,John Ritten,Ritten,Ag and Food,FALSE,FALSE,FALSE,FALSE,TRUE,TRUE,TRUE,0
doi:10.1002/aepp.70037,2025,JA,a,Changes in Alcohol Retail Laws and Foot Traffic at Liquor Stores,Applied Economic Perspectives and Policy,10.1002/aepp.70037,1,3.6,3,Joshua Berning; Jude Bayham; Marco Costanigro,Bayham; Berning; Costanigro,Ag and Food; ENRE,TRUE,TRUE,TRUE,FALSE,TRUE,TRUE,TRUE,0
doi:10.1016/j.scitotenv.2025.179814,2025,JA,a,Characterizing community water systems exposed to wildfire in the Western US,Science of the Total Environment,10.1016/j.scitotenv.2025.179814,0,8,2,Jesse Burkhardt; Jordan Suter,Burkhardt; Suter,ENRE,FALSE,TRUE,TRUE,FALSE,TRUE,TRUE,TRUE,0
doi:10.22004/ag.econ.344684,2025,JA,a,Climate and Consolidation in the US Beef Cow Sector,Journal of Agricultural and Resource Economics,10.22004/ag.econ.344684,NA,1.3,3,Daniel Mooney; John Ritten; Nathan Delay,Delay; Mooney; Ritten,Ag and Food,FALSE,TRUE,FALSE,FALSE,TRUE,TRUE,TRUE,0
doi:10.1016/j.gfs.2025.100840,2025,JA,b,Context is Key to Understand and Improve Livestock Production Systems,Global Food Security,10.1016/j.gfs.2025.100840,27,NA,1,John Ritten,Ritten,Ag and Food,FALSE,FALSE,FALSE,FALSE,TRUE,TRUE,TRUE,0
doi:10.1093/tas/txaf169,2025,JA,a,Developing critical thinking and professional skills in animal science students,Translational Animal Science,10.1093/tas/txaf169,1,1.9,1,Kellie Enns,Enns,Ag Ed,FALSE,FALSE,TRUE,FALSE,TRUE,TRUE,TRUE,0
doi:10.1016/j.rama.2025.08.009,2025,JA,a,Does Initial Body Size Influence Weight Gain of Stocker Steers,Rangeland Ecology & Management,10.1016/j.rama.2025.08.009,0,2.9,1,John Ritten,Ritten,Ag and Food,FALSE,FALSE,FALSE,FALSE,TRUE,TRUE,TRUE,0
doi:10.1016/j.rama.2024.04.011,2025,JA,a,Does drought intensify effects of black-tailed prairie dog on livestock production,Rangeland Ecology & Management,10.1016/j.rama.2024.04.011,5,2.9,1,John Ritten,Ritten,Ag and Food,FALSE,FALSE,FALSE,FALSE,TRUE,TRUE,TRUE,0
doi:10.1016/j.foodpol.2025.102827,2025,JA,a,Dollar-Store Impact on Local Labor Markets and Retail Activity,Food Policy,10.1016/j.foodpol.2025.102827,3,6.8,1,Lauren Chenarides,Chenarides,Ag and Food,FALSE,FALSE,FALSE,FALSE,TRUE,TRUE,TRUE,0
doi:10.1093/jas/skaf322,2025,JA,a,Evaluation of cattle sub-species and growth-promoting technology on growth performance,Journal of Animal Science,10.1093/jas/skaf322,0,3.7,2,John Ritten; Kellie Enns,Enns; Ritten,Ag Ed; Ag and Food,TRUE,TRUE,FALSE,FALSE,TRUE,TRUE,TRUE,0
doi:10.1093/jas/skaf448,2025,JA,a,"Evaluation of cattle sub-species and growth-promoting technology on growth performance, carcass characteristics, and enteric gas flux of steers finished in winter feedlot conditions",Journal of Animal Science,10.1093/jas/skaf448,1,3.7,1,John Ritten,Ritten,Ag and Food,FALSE,FALSE,FALSE,FALSE,TRUE,TRUE,TRUE,0
doi:10.1038/s44264-025-00105-w,2025,JA,b,Examining climate benefits from rangeland and pasture management practices,Sustainable Agriculture,10.1038/s44264-025-00105-w,1,NA,1,John Ritten,Ritten,Ag and Food,FALSE,FALSE,FALSE,FALSE,TRUE,TRUE,TRUE,0
doi:10.22004/ag.econ.364767,2025,JA,b,Exploring the Potential for Innovative Water Management Strategies to Support Irrigated Farmland Transitions,Western Economics Forum,10.22004/ag.econ.364767,NA,NA,2,Andrew Seidl; Daniel Mooney,Mooney; Seidl,Ag and Food; ENRE,TRUE,TRUE,TRUE,FALSE,TRUE,TRUE,TRUE,0
doi:10.1002/aepp.13531,2025,JA,a,Exploring the Relationship between Growth in Online Shopping and Multichannel Food Consumers,Applied Economic Perspectives and Policy,10.1002/aepp.13531,0,3.6,1,Dawn Thilmany,Thilmany,Ag and Food,FALSE,FALSE,TRUE,FALSE,TRUE,TRUE,TRUE,0
doi:10.1371/journal.pone.0320316,2025,JA,a,Externalities in Wild Pig Damages on US Crop and Livestock Farms,PLOS ONE,10.1371/journal.pone.0320316,2,2.8,2,Daniel Mooney; Nathan Delay,Delay; Mooney,Ag and Food,FALSE,TRUE,FALSE,FALSE,TRUE,TRUE,TRUE,0
doi:10.1016/j.jdeveco.2024.103414,2025,JA,a,Going the Distance: Hybrid Vocational Training for Women in Nepal,Journal of Development Economics,10.1016/j.jdeveco.2024.103414,1,5,1,Nicholas Magnan,Magnan,Ag and Food,FALSE,FALSE,TRUE,FALSE,TRUE,TRUE,TRUE,0
doi:10.1002/agr.22051,2025,JA,a,Grocery Stockouts and Seller Performance in Amazon's Marketplaces,Agribusiness: An International Journal,10.1002/agr.22051,0,2.4,1,Lauren Chenarides,Chenarides,Ag and Food,FALSE,FALSE,FALSE,FALSE,TRUE,TRUE,TRUE,0
doi:10.22004/ag.econ.387628,2025,JA,b,Hemp Farming and Credit Access in the United States,Journal of Agribusiness,10.22004/ag.econ.387628,0,NA,1,Daniel Mooney,Mooney,Ag and Food,FALSE,FALSE,FALSE,FALSE,TRUE,TRUE,TRUE,0
doi:10.1080/08941920.2025.2572064,2025,JA,a,How sense of place influences willingness to pay for sustainable wolf populations,Society & Natural Resources,10.1080/08941920.2025.2572064,0,2.1,2,Dana Hoag; Jesse Burkhardt,Burkhardt; Hoag,ENRE,FALSE,TRUE,FALSE,FALSE,TRUE,TRUE,TRUE,0
doi:10.22004/ag.econ.364766,2025,JA,b,Identifying a Path Forward: Evaluating Ranch Socio-Economic Sustainability,Western Economics Forum,10.22004/ag.econ.364766,NA,NA,1,John Ritten,Ritten,Ag and Food,FALSE,FALSE,FALSE,FALSE,TRUE,TRUE,TRUE,0
doi:10.3389/fvets.2025.1637190,2025,JA,a,Incorporating Virtual Fencing to Manage Yearling Steers on Extensive Rangelands,Frontiers in Veterinary Science,10.3389/fvets.2025.1637190,1,3.1,2,John Ritten; Nathan Delay,Delay; Ritten,Ag and Food,FALSE,TRUE,FALSE,FALSE,TRUE,TRUE,TRUE,0
doi:10.1088/1748-9326/add35e,2025,JA,a,Inland flooding in the United States: a review,Environmental Research Letters,10.1088/1748-9326/add35e,1,5.4,3,Chris Goemans; Jordan Suter; Jude Bayham,Bayham; Goemans; Suter,ENRE,FALSE,TRUE,TRUE,FALSE,TRUE,TRUE,TRUE,0
doi:10.1016/j.jeem.2025.103125,2025,JA,a,Insurance and Extraction Incentives in a Common Pool Resource,Journal of Environmental Economics and Management,10.1016/j.jeem.2025.103125,1,6.4,1,Chris Goemans,Goemans,ENRE,FALSE,FALSE,FALSE,FALSE,TRUE,TRUE,TRUE,0
doi:10.1016/j.prevetmed.2025.106558,2025,JA,a,Integrating epidemiological and economic models to estimate FMD outbreak cost in Brazil,Preventive Veterinary Medicine,10.1016/j.prevetmed.2025.106558,3,2.8,1,Amanda Countryman,Countryman,Ag and Food,FALSE,FALSE,FALSE,FALSE,TRUE,TRUE,TRUE,0
doi:10.1016/j.eneco.2024.108176,2025,JA,a,Intermittency and uncertainty in wind and solar energy: Impacts on the French electricity market,Energy Economics,10.1016/j.eneco.2024.108176,34,13.5,1,Matt Woerman,Woerman,ENRE,FALSE,FALSE,FALSE,FALSE,TRUE,TRUE,TRUE,0
doi:10.1016/j.resconrec.2025.108325,2025,JA,a,Island economies in the wake: shipping cost effects from carbon taxes,Resources Conservation and Recycling,10.1016/j.resconrec.2025.108325,9,10.4,1,Amanda Countryman,Countryman,Ag and Food,FALSE,FALSE,FALSE,FALSE,TRUE,TRUE,TRUE,0
doi:10.22004/ag.econ.364770,2025,JA,b,Labor Changes in the US Beef Industry Magnify Challenges with Succession,Western Economics Forum,10.22004/ag.econ.364770,NA,NA,1,John Ritten,Ritten,Ag and Food,FALSE,FALSE,TRUE,FALSE,TRUE,TRUE,TRUE,0
doi:10.1016/j.jclepro.2025.146920,2025,JA,a,Life cycle assessment of open and closed hydroponic systems for vegetable production,Journal of Cleaner Production,10.1016/j.jclepro.2025.146920,7,10.7,1,Dana Hoag,Hoag,ENRE,FALSE,FALSE,FALSE,FALSE,TRUE,TRUE,TRUE,0
doi:10.22434/ifamr.0001,2025,JA,a,Machine learning in applied economics and agribusiness,International Food and Agribusiness Management Review,10.22434/ifamr.0001,0,1.8,1,Lauren Chenarides,Chenarides,Ag and Food,FALSE,FALSE,FALSE,FALSE,TRUE,TRUE,TRUE,0
doi:10.1111/ajae.12503,2025,JA,a,Mapping Agents: A Spatial Economic Analysis of Agent Location in Federal Crop Insurance,American Journal of Agricultural Economics,10.1111/ajae.12503,1,4.9,1,Nathan Delay,Delay,Ag and Food,FALSE,FALSE,FALSE,FALSE,TRUE,TRUE,TRUE,0
doi:10.3389/fvets.2026.1752899,2025,JA,a,Potential economy-wide impacts of an African swine fever outbreak in the United States,Frontiers in Veterinary Science,10.3389/fvets.2026.1752899,3,3.1,1,Amanda Countryman,Countryman,Ag and Food,FALSE,FALSE,TRUE,FALSE,TRUE,TRUE,TRUE,0
doi:10.1126/science.adz3885,2025,JA,a,Reinstate the National Climate Assessment,Science,10.1126/science.adz3885,1,47.3,1,Lynne Lewis,Lewis,ENRE,FALSE,FALSE,FALSE,FALSE,TRUE,TRUE,TRUE,0
doi:10.1002/aepp.70031,2025,JA,a,Relationship between Knowledge and Compliance with Safety Measures: COVID-19,Applied Economic Perspectives and Policy,10.1002/aepp.70031,0,3.6,1,Lauren Chenarides,Chenarides,Ag and Food,FALSE,FALSE,TRUE,FALSE,TRUE,TRUE,TRUE,0
doi:10.1016/j.eneco.2025.108351,2025,JA,a,Residential demand for energy in light of changing solar prices,Energy Economics,10.1016/j.eneco.2025.108351,1,13.5,1,Matt Woerman,Woerman,ENRE,FALSE,FALSE,FALSE,FALSE,TRUE,TRUE,TRUE,0
doi:10.1186/s40008-025-00359-0,2025,JA,b,Revealing US Retail Industries Functional Hierarchy Through Demand Thresholds,Journal of Economic Structures,10.1186/s40008-025-00359-0,0,NA,1,Anders Van Sandt,Van Sandt,Ag and Food,FALSE,FALSE,FALSE,FALSE,TRUE,TRUE,TRUE,0
doi:10.1038/s41467-024-54163-8,2025,JA,a,Solar energy resource availability under extreme and historical wildfire smoke conditions,Nature Communications,10.1038/s41467-024-54163-8,20,18.1,1,Jesse Burkhardt,Burkhardt,ENRE,FALSE,FALSE,FALSE,FALSE,TRUE,TRUE,TRUE,0
doi:10.1016/j.rama.2025.08.010,2025,JA,a,Steer Growth Performance and Enteric Gas Flux Across Backgrounding Phases,Rangeland Ecology & Management,10.1016/j.rama.2025.08.010,1,2.9,2,John Ritten; Kellie Enns,Enns; Ritten,Ag Ed; Ag and Food,TRUE,TRUE,FALSE,FALSE,TRUE,TRUE,TRUE,0
doi:10.1002/ecs2.70397,2025,JA,a,Synergies and trade-offs between ecosystem services and economics in dryland cover crop systems,Ecosphere,10.1002/ecs2.70397,2,3,1,Daniel Mooney,Mooney,Ag and Food,FALSE,FALSE,FALSE,FALSE,TRUE,TRUE,TRUE,0
doi:10.1111/twec.13731,2025,JA,b,Tariff Troubles: Repercussions of Protectionist Policies on U.S. Agriculture,The World Economy,10.1111/twec.13731,5,NA,1,Amanda Countryman,Countryman,Ag and Food,FALSE,FALSE,TRUE,FALSE,TRUE,TRUE,TRUE,0
doi:10.1016/j.rala.2024.05.006,2025,JA,b,The Economic Fundamentals of Virtual Fencing Compared to Traditional Fencing,Rangelands,10.1016/j.rala.2024.05.006,14,NA,4,Dana Hoag; Daniel Mooney; John Ritten; Nathan Delay,Delay; Hoag; Mooney; Ritten,Ag and Food; ENRE,TRUE,TRUE,FALSE,FALSE,TRUE,TRUE,TRUE,0
doi:10.1016/j.foodpol.2024.102769,2025,JA,a,The Information Value of Geographical Indications,Food Policy,10.1016/j.foodpol.2024.102769,8,6.8,1,Marco Costanigro,Costanigro,Ag and Food,FALSE,FALSE,FALSE,FALSE,TRUE,TRUE,TRUE,0
doi:10.1016/j.tfp.2025.101081,2025,JA,a,The unaccounted costs of slash pile burning,Trees Forests and People,10.1016/j.tfp.2025.101081,1,3.6,1,Jordan Suter,Suter,ENRE,FALSE,FALSE,TRUE,FALSE,TRUE,TRUE,TRUE,0
doi:10.1016/j.socec.2025.102403,2025,JA,a,Time pressure and motivated delay effects on sanctioning in a social dilemma,Journal of Behavioral and Experimental Economics,10.1016/j.socec.2025.102403,0,1.5,1,Jordan Suter,Suter,ENRE,FALSE,FALSE,FALSE,FALSE,TRUE,TRUE,TRUE,0
doi:10.1093/biosci/biaf026,2025,JA,a,Transdisciplinary research priorities for a One Health approach to human-wildlife coexistence,BioScience,10.1093/biosci/biaf026,4,9.5,2,Dana Hoag; John Ritten,Hoag; Ritten,Ag and Food; ENRE,TRUE,TRUE,FALSE,FALSE,TRUE,TRUE,TRUE,0
doi:10.1002/aepp.13503,2025,JA,a,U.S. Employment Exposure to Domestic and Foreign Tariff Changes under NAFTA,Applied Economic Perspectives and Policy,10.1002/aepp.13503,0,3.6,1,Amanda Countryman,Countryman,Ag and Food,FALSE,FALSE,TRUE,FALSE,TRUE,TRUE,TRUE,0
doi:10.1016/j.rama.2025.01.007,2025,JA,a,US Beef Cattle Inventory Trends with Implications for Land Use and Rangelands,Rangeland Ecology & Management,10.1016/j.rama.2025.01.007,4,2.9,1,John Ritten,Ritten,Ag and Food,FALSE,FALSE,TRUE,FALSE,TRUE,TRUE,TRUE,0
doi:10.1080/10871209.2024.2414880,2025,JA,a,US livestock producer interest in alternatives to compensation programs for wolf depredation,Human Dimensions of Wildlife,10.1080/10871209.2024.2414880,3,1.5,1,Dana Hoag,Hoag,ENRE,FALSE,FALSE,FALSE,FALSE,TRUE,TRUE,TRUE,0
doi:10.5032/jae.v66i4.3220,2025,JA,b,Understanding Barriers to SAE Implementation and Professional Development Needs,Journal of Agricultural Education,10.5032/jae.v66i4.3220,0,NA,1,Jenny Bennett,Bennett,Ag Ed,FALSE,FALSE,FALSE,FALSE,TRUE,TRUE,TRUE,0
doi:10.3389/fclim.2025.1398452,2025,JA,a,Unwinding the Spiral of Silence in Rural America,Frontiers in Climate,10.3389/fclim.2025.1398452,0,3.9,1,Anders Van Sandt,Van Sandt,Ag and Food,FALSE,FALSE,FALSE,FALSE,TRUE,TRUE,TRUE,0
doi:10.1029/2024wr038504,2025,JA,a,Water scarcity compounds negative effects of salinity on irrigated agriculture,Water Resources Research,10.1029/2024wr038504,0,6.3,1,Jordan Suter,Suter,ENRE,FALSE,FALSE,FALSE,FALSE,TRUE,TRUE,TRUE,0
doi:10.1016/j.worlddev.2025.107078,2025,JA,a,Who is Asking and How? Effects of Survey Mode and Enumerator Gender,World Development,10.1016/j.worlddev.2025.107078,1,5.1,1,Nicholas Magnan,Magnan,Ag and Food,FALSE,FALSE,TRUE,FALSE,TRUE,TRUE,TRUE,0
titleyear:modelling the global economic impact of antimicrobial resist|2025,2025,RP,NA,Modelling the Global Economic Impact of Antimicrobial Resistance in Humans,Center for Global Development Working Paper 713,NA,NA,NA,1,Amanda Countryman,Countryman,Ag and Food,FALSE,FALSE,FALSE,FALSE,FALSE,FALSE,TRUE,0
doi:10.1016/j.rama.2026.04.003,2026,JA,a,"Adaptive, Multipaddock Grazing Management Increased C3 and Reduced C4 Graminoids Without Changing Total Forage Production in Shortgrass Steppe",Rangeland Ecology & Management,10.1016/j.rama.2026.04.003,0,2.9,1,John Ritten,Ritten,Ag and Food,FALSE,FALSE,FALSE,FALSE,TRUE,TRUE,TRUE,1
doi:10.3368/le.102.3.012626-0015,2026,JA,a,Are mobility data a substitute for travel cost surveys,Land Economics,10.3368/le.102.3.012626-0015,1,1.9,1,Jude Bayham,Bayham,ENRE,FALSE,FALSE,FALSE,FALSE,TRUE,TRUE,TRUE,1
doi:10.1093/qopen/qoag018,2026,JA,a,Assessing Factors Contributing to a Healthy Work Ecosystem in the Applied Economics Profession,Q Open,10.1093/qopen/qoag018,0,2.3,1,Dawn Thilmany,Thilmany,Ag and Food,FALSE,FALSE,FALSE,FALSE,TRUE,TRUE,TRUE,1
doi:10.1007/s10640-026-01072-7,2026,JA,a,Climate Intervention and Mitigation: Strategic Responses to Technological Advances in Solar Geoengineering,Environmental and Resource Economics,10.1007/s10640-026-01072-7,0,3.5,1,Stephan Kroll,Kroll,ENRE,FALSE,FALSE,FALSE,FALSE,TRUE,TRUE,TRUE,1
doi:10.1038/s41597-026-07753-8,2026,JA,b,Data-usage descriptors as search metadata: the case of food security data and the National Data Platform,Scientific Data,10.1038/s41597-026-07753-8,0,NA,1,Lauren Chenarides,Chenarides,Ag and Food,FALSE,FALSE,FALSE,FALSE,TRUE,TRUE,TRUE,1
doi:10.7717/peerj.20732,2026,JA,a,Drivers of wolf depredation reporting and compensation use intentions by livestock producers,PeerJ,10.7717/peerj.20732,0,2.9,1,Dana Hoag,Hoag,ENRE,FALSE,FALSE,FALSE,FALSE,TRUE,TRUE,TRUE,1
doi:10.1093/tas/txag072,2026,JA,a,"Effects of growth hormone implants on animal growth performance, feed intake, carcass characteristics, feeding behavior, gas flux emissions, and relative profitability of finishing Angus steers",Translational Animal Science,10.1093/tas/txag072,0,1.9,1,John Ritten,Ritten,Ag and Food,FALSE,FALSE,FALSE,FALSE,TRUE,TRUE,TRUE,1
doi:10.1002/ajae.70071,2026,JA,a,Food Insecurity and Unemployment among Immigrants in the United States,American Journal of Agricultural Economics,10.1002/ajae.70071,0,4.9,3,Alessandro Bonanno; Joshua Berning; Jude Bayham,Bayham; Berning; Bonanno,Ag and Food; ENRE,TRUE,TRUE,TRUE,FALSE,TRUE,TRUE,TRUE,1
doi:10.1093/qopen/qoag010,2026,JA,a,"Food fights in the classroom: a case study exploring the connections between economic reasoning, critical thinking, engagement, and dialogue in polarized contexts",Q Open,10.1093/qopen/qoag010,1,2.3,2,Hayley Chouinard; Marco Costanigro,Chouinard; Costanigro,Ag and Food,FALSE,TRUE,FALSE,FALSE,TRUE,TRUE,TRUE,1
doi:10.2989/10220119.2025.2585814,2026,JA,a,From data to decisions: the potential of real-time precision technologies to enhance adaptive grazing management for livestock ranchers,African Journal of Range & Forage Science,10.2989/10220119.2025.2585814,1,1.6,1,John Ritten,Ritten,Ag and Food,FALSE,FALSE,FALSE,FALSE,TRUE,TRUE,TRUE,1
doi:10.1016/j.foodcont.2025.111582,2026,JA,a,Fungal ecology and postharvest factors driving aflatoxin contamination in Ghanaian groundnuts,Food Control,10.1016/j.foodcont.2025.111582,NA,7,1,Nicholas Magnan,Magnan,Ag and Food,FALSE,FALSE,TRUE,FALSE,TRUE,TRUE,TRUE,1
doi:10.1016/j.worlddev.2025.107182,2026,JA,a,Gendered Networks and Demand for an Agricultural Technology in India,World Development,10.1016/j.worlddev.2025.107182,1,5.1,1,Nicholas Magnan,Magnan,Ag and Food,FALSE,FALSE,FALSE,FALSE,TRUE,TRUE,TRUE,1
doi:10.1029/2025wr040427,2026,JA,a,Groundwater management amidst a changing climate: A more severe climate could decrease the value of groundwater conservation,Water Resources Research,10.1029/2025wr040427,0,6.3,1,Jordan Suter,Suter,ENRE,FALSE,FALSE,FALSE,FALSE,TRUE,TRUE,TRUE,1
doi:10.3168/jds.2025-28132,2026,JA,a,Integrating automated body condition scores and lactation data via optimization algorithms for maximized milk revenue and minimized cost of delayed conception in dairy cows,Journal of Dairy Science,10.3168/jds.2025-28132,0,4.7,1,Nathan Delay,Delay,Ag and Food,FALSE,FALSE,FALSE,FALSE,TRUE,TRUE,TRUE,1
doi:10.5032/jae.v67i1.3218,2026,JA,b,Investigating the Sources and Influences Shaping Pedagogical Content Knowledge,Journal of Agricultural Education,10.5032/jae.v67i1.3218,0,NA,3,Jenny Bennett; Kellie Enns; Nathan Clark,Bennett; Clark; Enns,Ag Ed,FALSE,TRUE,FALSE,FALSE,TRUE,TRUE,TRUE,1
doi:10.1002/aepp.70047,2026,JA,a,"Livestock Tango: US and Latin America Dance Together, but Who Will Lead?",Applied Economic Perspectives and Policy,10.1002/aepp.70047,0,3.6,1,Amanda Countryman,Countryman,Ag and Food,FALSE,FALSE,TRUE,FALSE,TRUE,TRUE,TRUE,1
doi:10.1186/s13021-026-00431-7,2026,JA,a,Merging rigor and relevance in grazingland research: a comprehensive social-ecological monitoring approach,Carbon Balance and Management,10.1186/s13021-026-00431-7,1,7,1,Nathan Delay,Delay,Ag and Food,FALSE,FALSE,FALSE,FALSE,TRUE,TRUE,TRUE,1
doi:10.1016/j.jhealeco.2026.103121,2026,JA,a,Nurse practitioner training and local medical provider supply,Journal of Health Economics,10.1016/j.jhealeco.2026.103121,0,3.8,1,Anders Van Sandt,Van Sandt,Ag and Food,FALSE,FALSE,FALSE,FALSE,TRUE,TRUE,TRUE,1
doi:10.1016/j.rama.2026.05.006,2026,JA,a,Nutrient Runoff From North American Grasslands,Rangeland Ecology & Management,10.1016/j.rama.2026.05.006,0,2.9,1,John Ritten,Ritten,Ag and Food,FALSE,FALSE,FALSE,FALSE,TRUE,TRUE,TRUE,1
doi:10.1002/aepp.70039,2026,JA,a,Quantitative Comparison of Ad-Valorem Equivalents for Non-Tariff Trade Measures: WTO Versus TRAINS,Applied Economic Perspectives and Policy,10.1002/aepp.70039,0,3.6,1,Amanda Countryman,Countryman,Ag and Food,FALSE,FALSE,TRUE,FALSE,TRUE,TRUE,TRUE,1
doi:10.1002/jaa2.70044,2026,JA,a,Regionalizing the food dollar,Journal of the Agricultural and Applied Economics Association,10.1002/jaa2.70044,0,1.8,1,Dawn Thilmany,Thilmany,Ag and Food,FALSE,FALSE,FALSE,FALSE,TRUE,TRUE,TRUE,1
doi:10.1038/s41586-026-10251-x,2026,JA,a,Reproducibility and robustness of economics and political science research,Nature,10.1038/s41586-026-10251-x,7,56.1,1,Matt Woerman,Woerman,ENRE,FALSE,FALSE,FALSE,FALSE,TRUE,TRUE,TRUE,1
doi:10.1111/jrh.70112,2026,JA,b,Rural emergency hospitals: Emerging patterns of adaptation and community perception,The Journal of Rural Health,10.1111/jrh.70112,0,NA,1,Anders Van Sandt,Van Sandt,Ag and Food,FALSE,FALSE,FALSE,FALSE,TRUE,TRUE,TRUE,1
doi:10.1111/gcb.70909,2026,JA,a,Soil Organic Carbon Improves Crop Yield and Yield Resilience,Global Change Biology,10.1111/gcb.70909,0,12.5,1,Jesse Burkhardt,Burkhardt,ENRE,FALSE,FALSE,FALSE,FALSE,TRUE,TRUE,TRUE,1
titleyear:stochastic risk and economic analyses of hydroponic systems |2026,2026,JA,b,Stochastic Risk and Economic Analyses of Hydroponic Systems for Vegetable Production under Arid Lands Conditions,J. Agricultural and Environmental Information Systems,NA,NA,NA,1,Dana Hoag,Hoag,ENRE,FALSE,FALSE,FALSE,FALSE,TRUE,TRUE,TRUE,1
doi:10.1002/ajae.70083,2026,JA,a,The role of venture-financed startups in innovation for US agriculture,American Journal of Agricultural Economics,10.1002/ajae.70083,0,4.9,1,Gregory Graff,Graff,Ag and Food,FALSE,FALSE,FALSE,FALSE,TRUE,TRUE,TRUE,1
doi:10.1111/cobi.70326,2026,JA,a,Toward Coexistence: A Psychometric Framework for Large Carnivore Conservation.,Conservation Biology,10.1111/cobi.70326,1,5.2,1,Dana Hoag,Hoag,ENRE,FALSE,FALSE,FALSE,FALSE,TRUE,TRUE,TRUE,1
doi:10.1016/j.rama.2026.03.004,2026,JA,a,Unravelling the Influence of Adaptive Grazing Management with Multiple Paddocks on Cattle Production in Semiarid Rangeland,Rangeland Ecology & Management,10.1016/j.rama.2026.03.004,0,2.9,1,John Ritten,Ritten,Ag and Food,FALSE,FALSE,FALSE,FALSE,TRUE,TRUE,TRUE,1
