journal,issn
Agribusiness,
Agricultural Finance Review,
Agricultural Water Management,
Agricultural and Resource Economics Review,
Agriculture,
American Journal of Agricultural Economics,
Annals of Regional Science,
Annual Review of Genomics and Human Genetics,
Annual Review of Resource Economics,
Applied Economic Perspectives and Policy,
Applied Economic Policy and Perspectives,
Applied Economics Perspectives and Policy,
Applied Economics Teaching Resources,
Applied Geography,
Building and Environment,
Canadian Journal of Agricultural Economics,
Choices,
Climatic Change,
Conservation Letters,
Conservation Science and Practice,
Contemporary Economic Policy,
Crop Production,
Current Developments in Nutrition,
Economic Development Quarterly,
Ecosphere,
Ecosystem Services,
Emerging Infectious Diseases,
Empirical Economics,
Energy Economics,
Environmental Politics,
Environmental Research Letters,
Environmental Research: Health,
Environmental and Resource Economics,
European Review of Agricultural Economics,
Experimental Economics,
Food Policy,
Food Security,
Food and Humanity,
Forest Policy and Economics,
Frontiers in Climate,
Frontiers in Sustainable Tourism,
Frontiers in Veterinary Science,
Frontiers of Economics in China,
GeoHealth,
Global Ecology and Conservation,
Global Food Security,
Harvard Data Science Review,
Health Economics,
HortScience,
IEEE Open Journal of the Computer Society,
Infectious Disease Modelling,
International Food and Agribusiness Management Review,
International Journal of Production Economics,
International Regional Science Review,
International Review of Environmental and Resource Economics,
Journal of Agricultural Economics,
Journal of Agricultural Education,
Journal of Agricultural and Resource Economics,
Journal of Agriculture and Applied Economics,
Journal of Behavioral and Experimental Economics,
Journal of Cleaner Production,
Journal of Development Economics,
Journal of Development Effectiveness,
Journal of Economic Behavior and Organization,
Journal of Economic Structures,
Journal of Environmental Economics and Management,
Journal of Environmental Economics and Policy,
Journal of Environmental Management,
Journal of Environmental Quality,
Journal of Extension,
Journal of Food Distribution Research,
Journal of Forestry,
Journal of Geophysical Research: Atmospheres,
Journal of Modelling in Management,
Journal of Outdoor Recreation and Tourism,
Journal of Regional Science,
Journal of School Health,
Journal of Wine Economics,
Journal of the Academy of Marketing Science,
Journal of the Agricultural and Applied Economics Association,
Journal of the American Society of Farm Managers and Rural Appraisers,
Journal of the Association of Environmental and Resource Economists,
Land Economics,
Management Science,
Meat Science,
Medical Decision Making,
NACTA Journal,
Nature Communications,
Nature Ecology and Evolution,
Ocean and Coastal Zone Management,
PARKS,
PLOS Water,
PLOS-One,
PLoS ONE,
Park Science,
Precision Agriculture,
Preventive Veterinary Medicine,
Proceedings of the National Academy of Sciences,
Q Open,
REGION,
Rangeland Ecology and Management,
Rangelands,
Regional Studies,
"Regional Studies, Regional Science",
Renewable Agriculture and Food Systems,
Resource and Energy Economics,
"Resources, Conservation and Recycling",
Review of Environmental Economics and Policy,
Review of Industrial Organization,
Science,
Science of The Total Environment,
Scientific Reports,
Society and Natural Resources,
Sustainability,
Sustainable Agriculture,
The World Economy,
Tourism Hospitality,
Translational Animal Science,
Translational Animal Sciences,
"Trees, Forests and People",
Water Resources Research,
Water Resources and Economics,
Western Economic Forum,
Western Economics Forum,
Wiley Interdisciplinary Reviews: Water,
World Development,
