last,first,area,year,type,index_class,student_coauthor,dare_coauthors,dare_coauthors_names,title_short,venue,doi,source_file
Graff,Gregory,Ag and Food,2022,BC,,,1,Graff;Seidl,An Introduction to the Economics of Climate Change and Animal Health,Climate Change and Animal Health,10.1201/9781003149774-10,Google Scholar
Seidl,Andrew,Ag and Food,2022,BC,,,1,Graff;Seidl,An Introduction to the Economics of Climate Change and Animal Health,Climate Change and Animal Health,10.1201/9781003149774-10,Google Scholar
Hoag,Dana,ENRE,2024,BC,,N,0,,Reducing wind erosion damages and the Conservation Reserve Program,CRC Press,10.1201/9781003574040-12,Google Scholar
Hoag,Dana,ENRE,2024,BC,,N,0,,Is US soil conservation policy a sustainable development?,CRC Press,isbn:9780849300059,Google Scholar
Graff,Gregory,Ag and Food,2021,BC,,,0,,Venture Capital and the Transformation of Private R&D for Agriculture,Economics of Research and Innovation in Agriculture,10.7208/chicago/9780226779195-007,Google Scholar
Jablonski,Becca,Ag and Food,2022,BC,,,1,Jablonski;Thilmany,"Framing and evaluating the economic impacts of food system policies, programs and initiatives",Food Systems Modeling (Elsevier),,
Thilmany,Dawn,Ag and Food,2022,BC,,,1,Jablonski;Thilmany,"Framing and evaluating the economic impacts of food system policies, programs and initiatives",Food Systems Modeling (Elsevier),,
Jablonski,Becca,Ag and Food,2022,BC,,,0,,"Inquiry within, between, and beyond disciplines",Food Systems Modeling (Elsevier),,
Countryman,Amanda,Ag and Food,2021,BC,,N,0,,Economics of Invasive Species (Chapter 14),"Invasive Species in Forests and Rangelands of the US, Springer",10.1007/978-3-030-45367-1_14,countrymanamanda.txt
Jablonski,Becca,Ag and Food,2021,BC,,,0,,Beyond GDP: Measuring Rural Assets and Why It Matters. Ch. 40,Investing in Rural Prosperity,,
Graff,Gregory,Ag and Food,2025,BC,,,0,,Intellectual Property in Agricultural Biotechnology: Strategies for Open Access,"Plant Biotechnology and Genetics: Principles, Techniques, and Applications",10.1002/9780470282014.ch14,Google Scholar
Kroll,Stephan,ENRE,2022,BC,,N,0,,A Small Collection of Pen-and-Paper Classroom Experiments for Teaching Environmental Economics,Teaching Environmental and Natural Resource Economics,10.4337/9781788114288.00018,krollstephan.txt
Koontz,Stephen,Ag and Food,2021,BC,,N,0,,Another Look at Alternative Marketing Arrangement Use by the Cattle and Beef Industry,"The U.S. Beef Supply Chain, Texas A&M AFPC",nodoi,koontzstephen.txt
Goemans,Chris,ENRE,2024,BC,,Y,1,Goemans;Manning,Perceived Water Scarcity and Irrigation Technology Adoption (chapter),University of Chicago Press,10.7208/chicago/9780226830629-007,goemanschris.txt
Manning,Dale,ENRE,2024,BC,,U,1,Goemans;Manning,Perceived Water Scarcity and Irrigation Technology Adoption (chapter),University of Chicago Press,10.7208/chicago/9780226830629-007,goemanschris.txt
DeLay,Nathan,Ag and Food,2025,CP,,,0,,Incorporating precision management technologies to reduce beef cattle enteric CH4 emissions on rangelands,Animal-Science proceedings,10.1016/j.anscip.2025.08.183,Google Scholar
Ritten,John,Ag and Food,2026,JA,a,,0,,From data to decisions: the potential of real-time precision technologies to enhance adaptive grazing management for livestock ranchers,African Journal of Range & Forage Science,10.2989/10220119.2025.2585814,Google Scholar
Costanigro,Marco,Ag and Food,2021,JA,a,Y,1,Costanigro;Jablonski,Promoting Farmers Markets via Information Nudges and Coupons,Agribusiness: An International Journal,10.1002/agr.21688,costanigromarco.txt
Jablonski,Becca,Ag and Food,2021,JA,a,U,1,Costanigro;Jablonski,Promoting Farmers Markets via Information Nudges and Coupons,Agribusiness: An International Journal,10.1002/agr.21688,costanigromarco.txt
Cleary,Rebecca,Ag and Food,2022,JA,a,U,1,Chenarides;Cleary,Food Retail Profits Competition and the Great Recession,Agribusiness: An International Journal,10.1002/agr.21743,chenarideslauren.txt
Chenarides,Lauren,Ag and Food,2025,JA,a,N,0,Chenarides;Cleary,Grocery Stockouts and Seller Performance in Amazon's Marketplaces,Agribusiness: An International Journal,10.1002/agr.22051,chenarideslauren.txt
Thilmany,Dawn,Ag and Food,2025,JA,a,N,1,Jablonski;Thilmany,A Baseline Assessment of School Food Spending and Local Procurement,Agricultural and Resource Economics Review,10.1017/age.2025.11,thilmanydawn.txt
DeLay,Nathan,Ag and Food,2023,JA,a,Y,0,,Estimating US Farmers Speed of Climate Change Adaptation: Subsurface Tile Drainage,Agricultural Finance Review,10.1108/AFR-02-2023-0027,delaynathan.txt
Jablonski,Becca,Ag and Food,2022,JA,a,U,1,Jablonski;Thilmany,The profitability implications of sales through local food markets for beginning farmers,Agricultural Finance Review,10.1108/AFR-05-2021-0056,thilmanydawn.txt
Thilmany,Dawn,Ag and Food,2022,JA,a,N,1,Jablonski;Thilmany,The profitability implications of sales through local food markets for beginning farmers,Agricultural Finance Review,10.1108/AFR-05-2021-0056,thilmanydawn.txt
Jablonski,Becca,Ag and Food,2022,JA,a,U,1,Jablonski;Thilmany,Unique Financing Strategies Among Beginning Farmers and Ranchers,Agricultural Finance Review,10.1108/AFR-05-2021-0070,thilmanydawn.txt
Thilmany,Dawn,Ag and Food,2022,JA,a,N,1,Jablonski;Thilmany,Unique Financing Strategies Among Beginning Farmers and Ranchers,Agricultural Finance Review,10.1108/AFR-05-2021-0070,thilmanydawn.txt
Bonanno,Alessandro,Ag and Food,2023,JA,a,N,1,Bonanno;Jablonski,Beginning farmer status and financial performance differentials,Agricultural Finance Review,10.1108/AFR-05-2023-0054,bonannoalessandrocv.txt
Jablonski,Becca,Ag and Food,2023,JA,a,U,1,Bonanno;Jablonski,Beginning farmer status and financial performance differentials,Agricultural Finance Review,10.1108/AFR-05-2023-0054,bonannoalessandrocv.txt
Goemans,Chris,ENRE,2022,JA,a,N,1,Goemans;Manning,Remote sensing of field-scale irrigation withdrawals in the central Ogallala aquifer,Agricultural Water Management,10.1016/j.agwat.2022.107764,goemanschris.txt
Manning,Dale,ENRE,2022,JA,a,U,1,Goemans;Manning,Remote sensing of field-scale irrigation withdrawals in the central Ogallala aquifer,Agricultural Water Management,10.1016/j.agwat.2022.107764,goemanschris.txt
Mooney,Daniel,Ag and Food,2023,JA,a,Y,0,,Developing a Crop Water Production Function for Alfalfa Under Deficit Irrigation,Agriculture,10.3390/agriculture13040831,mooneydaniel.txt
Bayham,Jude,ENRE,2026,JA,a,Y,1,Bayham;Berning;Bonanno,Food Insecurity and Unemployment among Immigrants in the United States,American Journal of Agricultural Economics,10.1002/ajae.70071,Google Scholar
Berning,Joshua,Ag and Food,2026,JA,a,N,1,Bayham;Berning;Bonanno,Food Insecurity and Unemployment among Immigrants in the United States,American Journal of Agricultural Economics,10.1002/ajae.70071,bonannoalessandrocv.txt
Bonanno,Alessandro,Ag and Food,2026,JA,a,N,1,Bayham;Berning;Bonanno,Food Insecurity and Unemployment among Immigrants in the United States,American Journal of Agricultural Economics,10.1002/ajae.70071,bonannoalessandrocv.txt
Graff,Gregory,Ag and Food,2026,JA,a,N,0,,The role of venture-financed startups in innovation for US agriculture,American Journal of Agricultural Economics,10.1002/ajae.70083,graffgregory.txt
Magnan,Nicholas,Ag and Food,2021,JA,a,Y,0,,Can Experiential Games and Improved Risk Coverage Raise Demand for Index Insurance,American Journal of Agricultural Economics,10.1111/ajae.12124,magnannicholas.txt
Burkhardt,Jesse,ENRE,2021,JA,a,U,1,Burkhardt;Hill,Peers in the Field: Ability and Gender in Peer Effects among Agricultural Workers,American Journal of Agricultural Economics,10.1111/ajae.12192,hillalexandra.txt
Hill,Alexandra,Ag and Food,2021,JA,a,N,1,Burkhardt;Hill,Peers in the Field: Ability and Gender in Peer Effects among Agricultural Workers,American Journal of Agricultural Economics,10.1111/ajae.12192,hillalexandra.txt
Countryman,Amanda,Ag and Food,2021,JA,a,N,0,,The Importance of Agriculture in the Economy: Impacts from COVID-19,American Journal of Agricultural Economics,10.1111/ajae.12212,countrymanamanda.txt
Burkhardt,Jesse,ENRE,2022,JA,a,N,0,,Conformity and Conservation: Home Landscaping and Water Conservation,American Journal of Agricultural Economics,10.1111/ajae.12224,burkhardtjesse.txt
Goemans,Chris,ENRE,2022,JA,a,Y,1,Goemans;Manning;Suter,Impacts of Block-Rate Energy Pricing on Groundwater Demand in Irrigated Agriculture,American Journal of Agricultural Economics,10.1111/ajae.12231,goemanschris.txt
Manning,Dale,ENRE,2022,JA,a,Y,1,Goemans;Manning;Suter,Impacts of Block-Rate Energy Pricing on Groundwater Demand in Irrigated Agriculture,American Journal of Agricultural Economics,10.1111/ajae.12231,manningdale.txt
Suter,Jordan,ENRE,2022,JA,a,N,1,Goemans;Manning;Suter,Impacts of Block-Rate Energy Pricing on Groundwater Demand in Irrigated Agriculture,American Journal of Agricultural Economics,10.1111/ajae.12231,suterjordan.txt
Chenarides,Lauren,Ag and Food,2023,JA,a,N,0,,Dynamic Model of Entry: Dollar Stores,American Journal of Agricultural Economics,10.1111/ajae.12404,chenarideslauren.txt
Suter,Jordan,ENRE,2024,JA,a,N,0,,Social Comparisons and Groundwater Use: Evidence from Colorado and Kansas,American Journal of Agricultural Economics,10.1111/ajae.12415,suterjordan.txt
Bayham,Jude,ENRE,2024,JA,a,U,1,Bayham;Burkhardt;Hill,Air pollution weather and agricultural worker productivity,American Journal of Agricultural Economics,10.1111/ajae.12439,burkhardtjesse.txt
Burkhardt,Jesse,ENRE,2024,JA,a,N,1,Bayham;Burkhardt;Hill,Air pollution weather and agricultural worker productivity,American Journal of Agricultural Economics,10.1111/ajae.12439,burkhardtjesse.txt
DeLay,Nathan,Ag and Food,2025,JA,a,N,0,,Mapping Agents: A Spatial Economic Analysis of Agent Location in Federal Crop Insurance,American Journal of Agricultural Economics,10.1111/ajae.12503,delaynathan.txt
Goemans,Chris,ENRE,2025,JA,a,N,1,Goemans;Manning;Suter,Abatement subsidies for groundwater conservation,American Journal of Agricultural Economics,10.1111/ajae.70021,goemanschris.txt
Suter,Jordan,ENRE,2025,JA,a,U,1,Goemans;Manning;Suter,Abatement subsidies for groundwater conservation,American Journal of Agricultural Economics,10.1111/ajae.70021,goemanschris.txt
Hill,Alexandra,Ag and Food,2021,JA,a,N,0,,Agricultural Labor Supply,Annual Review of Resource Economics,10.1146/annurev-resource-101620-080426,hillalexandra.txt
Lewis,Lynne,ENRE,2024,JA,a,N,0,,The Nature of the Beast: Wildlife Valuation from the Iconic to the Ordinary,Annual Review of Resource Economics,10.1146/annurev-resource-101623-093149,lewislynne.txt
Bayham,Jude,ENRE,2022,JA,a,N,0,,The Economics of Wildfire in the United States,Annual Review of Resource Economics,10.1146/annurev-resource-111920-014804,bayhamjude.txt
Ritten,John,Ag and Food,2022,JA,a,Y,0,,Effects of Harvest Season on Carcass Characteristics of Lambs Harvested in the Intermountain West,Applied Animal Science,10.15232/aas.2022-02322,rittenjohn.txt
Thilmany,Dawn,Ag and Food,2021,JA,a,N,0,,Local Foods go Downstream: Exploring the Spatial Factors Driving US Food Manufacturing,Applied Economic Perspectives and Policy,10.1002/aepp.13046,thilmanydawn.txt
Thilmany,Dawn,Ag and Food,2021,JA,a,N,0,,Do Cottage Food Laws Reduce Barriers to Entry for Food Manufacturers,Applied Economic Perspectives and Policy,10.1002/aepp.13047,thilmanydawn.txt
Jablonski,Becca,Ag and Food,2021,JA,a,U,1,Jablonksi;Thilmany,Local Food Markets and Labor Intensity,Applied Economic Perspectives and Policy,10.1002/aepp.13059,thilmanydawn.txt
Thilmany,Dawn,Ag and Food,2021,JA,a,N,1,Jablonksi;Thilmany,Local Food Markets and Labor Intensity,Applied Economic Perspectives and Policy,10.1002/aepp.13059,thilmanydawn.txt
Cleary,Rebecca,Ag and Food,2021,JA,a,N,1,Cleary;Jablonski,Emergency Food Provision for Children and Families during the Covid-19 Pandemic,Applied Economic Perspectives and Policy,10.1002/aepp.13096,clearyrebecca.txt
Jablonski,Becca,Ag and Food,2021,JA,a,U,1,Cleary;Jablonski,Emergency Food Provision for Children and Families during the Covid-19 Pandemic,Applied Economic Perspectives and Policy,10.1002/aepp.13096,clearyrebecca.txt
Bonanno,Alessandro,Ag and Food,2021,JA,a,N,1,Bonanno;Chenarides,If You Build It Will it Matter? Food Stores Presence and Perceived Barriers,Applied Economic Perspectives and Policy,10.1002/aepp.13098,bonannoalessandrocv.txt
Bonanno,Alessandro,Ag and Food,2021,JA,a,Y,1,Bonanno;Cleary,School Meals and Quality of Household Food Acquisitions,Applied Economic Perspectives and Policy,10.1002/aepp.13130,bonannoalessandrocv.txt
Cleary,Rebecca,Ag and Food,2021,JA,a,Y,1,Bonanno;Cleary,School Meals and Quality of Household Food Acquisitions,Applied Economic Perspectives and Policy,10.1002/aepp.13130,clearyrebecca.txt
DeLay,Nathan,Ag and Food,2022,JA,a,N,0,,The Impact of Crop Insurance on Farm Financial Outcomes,Applied Economic Perspectives and Policy,10.1002/aepp.13223,delaynathan.txt
Jablonski,Becca,Ag and Food,2022,JA,a,U,1,Jablonksi;Thilmany,Opportunities to support beginning farmers and ranchers in the 2023 Farm Bill,Applied Economic Perspectives and Policy,10.1002/aepp.13256,thilmanydawn.txt
Thilmany,Dawn,Ag and Food,2022,JA,a,N,1,Jablonksi;Thilmany,Opportunities to support beginning farmers and ranchers in the 2023 Farm Bill,Applied Economic Perspectives and Policy,10.1002/aepp.13256,thilmanydawn.txt
Berning,Joshua,Ag and Food,2023,JA,a,U,1,Berning;Bonanno;Cleary,Food Insecurity and Time Use in Elderly vs Non-Elderly,Applied Economic Perspectives and Policy,10.1002/aepp.13275,bonannoalessandrocv.txt
Bonanno,Alessandro,Ag and Food,2023,JA,a,N,1,Berning;Bonanno;Cleary,Food Insecurity and Time Use in Elderly vs Non-Elderly,Applied Economic Perspectives and Policy,10.1002/aepp.13275,bonannoalessandrocv.txt
Cleary,Rebecca,Ag and Food,2023,JA,a,U,1,Berning;Bonanno;Cleary,Food Insecurity and Time Use in Elderly vs Non-Elderly,Applied Economic Perspectives and Policy,10.1002/aepp.13275,bonannoalessandrocv.txt
Koontz,Stephen,Ag and Food,2022,JA,a,N,0,,Potential Beef Cattle Topics in the 2023 Farm Bill,Applied Economic Perspectives and Policy,10.1002/aepp.13302,koontzstephen.txt
Berning,Joshua,Ag and Food,2024,JA,a,U,1,Berning;Bonanno;Cleary,Disparities in Food Insecurity among Black and White Households,Applied Economic Perspectives and Policy,10.1002/aepp.13332,bonannoalessandrocv.txt
Bonanno,Alessandro,Ag and Food,2024,JA,a,N,1,Berning;Bonanno;Cleary,Disparities in Food Insecurity among Black and White Households,Applied Economic Perspectives and Policy,10.1002/aepp.13332,bonannoalessandrocv.txt
Cleary,Rebecca,Ag and Food,2024,JA,a,U,1,Berning;Bonanno;Cleary,Disparities in Food Insecurity among Black and White Households,Applied Economic Perspectives and Policy,10.1002/aepp.13332,bonannoalessandrocv.txt
DeLay,Nathan,Ag and Food,2023,JA,a,N,0,,The Economics of Property Rights in Digital Farming Data,Applied Economic Perspectives and Policy,10.1002/aepp.13340,delaynathan.txt
Magnan,Nicholas,Ag and Food,2023,JA,a,Y,0,,Coping with COVID-19 Shocks in Rural Nepal,Applied Economic Perspectives and Policy,10.1002/aepp.13383,magnannicholas.txt
Thilmany,Dawn,Ag and Food,2024,JA,a,N,0,,Measuring the Economic Contribution of Agricultural and Applied Economics Departments,Applied Economic Perspectives and Policy,10.1002/aepp.13454,thilmanydawn.txt
Countryman,Amanda,Ag and Food,2024,JA,a,Y,0,,Global Economic Effects of War-Induced Agricultural Export Declines from Ukraine,Applied Economic Perspectives and Policy,10.1002/aepp.13468,countrymanamanda.txt
Countryman,Amanda,Ag and Food,2025,JA,a,Y,0,,U.S. Employment Exposure to Domestic and Foreign Tariff Changes under NAFTA,Applied Economic Perspectives and Policy,10.1002/aepp.13503,countrymanamanda.txt
Thilmany,Dawn,Ag and Food,2025,JA,a,Y,0,,Exploring the Relationship between Growth in Online Shopping and Multichannel Food Consumers,Applied Economic Perspectives and Policy,10.1002/aepp.13531,thilmanydawn.txt
Chenarides,Lauren,Ag and Food,2025,JA,a,Y,0,,Relationship between Knowledge and Compliance with Safety Measures: COVID-19,Applied Economic Perspectives and Policy,10.1002/aepp.70031,chenarideslauren.txt
Bayham,Jude,ENRE,2025,JA,a,Y,1,Bayham;Berning;Costanigro,Changes in Alcohol Retail Laws and Foot Traffic at Liquor Stores,Applied Economic Perspectives and Policy,10.1002/aepp.70037,costanigromarco.txt
Berning,Joshua,Ag and Food,2025,JA,a,Y,1,Bayham;Berning;Costanigro,Changes in Alcohol Retail Laws and Foot Traffic at Liquor Stores,Applied Economic Perspectives and Policy,10.1002/aepp.70037,costanigromarco.txt
Costanigro,Marco,Ag and Food,2025,JA,a,Y,1,Bayham;Berning;Costanigro,Changes in Alcohol Retail Laws and Foot Traffic at Liquor Stores,Applied Economic Perspectives and Policy,10.1002/aepp.70037,costanigromarco.txt
Countryman,Amanda,Ag and Food,2026,JA,a,Y,0,,Quantitative Comparison of Ad-Valorem Equivalents for Non-Tariff Trade Measures: WTO Versus TRAINS,Applied Economic Perspectives and Policy,10.1002/aepp.70039,Google Scholar
Countryman,Amanda,Ag and Food,2026,JA,a,Y,0,,"Livestock Tango: US and Latin America Dance Together, but Who Will Lead?",Applied Economic Perspectives and Policy,10.1002/aepp.70047,Google Scholar
Bonanno,Alessandro,Ag and Food,2021,JA,a,N,0,,Competitive and Welfare Effects of Private Label Presence in Differentiated Food Markets,Applied Economics,10.1080/00036846.2020.1866160,bonannoalessandrocv.txt
Thilmany,Dawn,Ag and Food,2023,JA,b,N,0,,Perspectives on Diversity Equity and Inclusion in the Agricultural and Applied Economics Profession,Applied Economics Teaching Resources,10.22004/ag.econ.333520,thilmanydawn.txt
Thilmany,Dawn,Ag and Food,2022,JA,b,N,0,,Agritourism Extension in the United States,Applied Economics Teaching Resources,nodoi,thilmanydawn.txt
Jablonski,Becca,Ag and Food,2021,JA,a,U,1,Jablonski;Thilmany,Novel methods for an interesting time: US local food systems impacts and initiatives to respond to COVID,Australian Journal of Agricultural and Resource Economics,10.1111/1467-8489.12456,thilmanydawn.txt
Thilmany,Dawn,Ag and Food,2021,JA,a,Y,1,Jablonski;Thilmany,Novel methods for an interesting time: US local food systems impacts and initiatives to respond to COVID,Australian Journal of Agricultural and Resource Economics,10.1111/1467-8489.12456,thilmanydawn.txt
Hoag,Dana,ENRE,2025,JA,a,N,1,Hoag;Ritten,Transdisciplinary research priorities for a One Health approach to human-wildlife coexistence,BioScience,10.1093/biosci/biaf026,hoagdana.txt
Ritten,John,Ag and Food,2025,JA,a,N,1,Hoag;Ritten,Transdisciplinary research priorities for a One Health approach to human-wildlife coexistence,BioScience,10.1093/biosci/biaf026,rittenjohn.txt
Bonanno,Alessandro,Ag and Food,2023,JA,a,N,0,,Geographical Indications Prices and Marketing Margins,British Food Journal,10.1108/bfj-09-2021-1000,bonannoalessandrocv.txt
Suter,Jordan,ENRE,2021,JA,a,U,0,,Sociodemographic variations in indoor environmental quality and student performance,Building and Environment,10.1016/j.buildenv.2021.108390,suterjordan.txt
DeLay,Nathan,Ag and Food,2026,JA,a,,0,,Merging rigor and relevance in grazingland research: a comprehensive social-ecological monitoring approach,Carbon Balance and Management,10.1186/s13021-026-00431-7,Google Scholar
DeLay,Nathan,Ag and Food,2022,JA,b,Y,0,,Opportunities and Challenges Associated with Carbon Farming for US Row-Crop Producers,Choices,10.22004/ag.econ.329528,delaynathan.txt
Countryman,Amanda,Ag and Food,2024,JA,b,Y,0,,U.S. Meat Export Potential in ASEAN,Choices,10.22004/ag.econ.344756,countrymanamanda.txt
Countryman,Amanda,Ag and Food,2024,JA,b,Y,0,,U.S. Soy Exports Could Crush it in ASEAN,Choices,10.22004/ag.econ.344758,countrymanamanda.txt
Mooney,Daniel,Ag and Food,2024,JA,b,N,0,,Agricultural Producer Decision Making around Water Conservation in the Upper Colorado River Basin,Choices,10.22004/ag.econ.348009,mooneydaniel.txt
Chenarides,Lauren,Ag and Food,2024,JA,b,N,0,,Grand Challenge: Safe Affordable Accessible and Acceptable Food,Choices,10.22004/ag.econ.348931,chenarideslauren.txt
Chenarides,Lauren,Ag and Food,2024,JA,b,Y,0,,Consumer Spending on Plant-Based Meat Alternatives,Choices,10.22004/ag.econ.352133,chenarideslauren.txt
Chenarides,Lauren,Ag and Food,2024,JA,b,N,0,,An Outlook on Evidence-Based Policymaking,Choices,nodoi,chenarideslauren.txt
Kroll,Stephan,ENRE,2021,JA,a,N,0,,Does Solar Geoengineering Crowd Out Climate Change Mitigation Efforts,Climatic Change,10.1007/s10584-021-03009-z,krollstephan.txt
Goemans,Chris,ENRE,2021,JA,a,N,1,Goemans;Manning;Suter,Changing climate changing minds? Effects of natural disasters on public perceptions,Climatic Change,10.1007/s10584-022-03441-9,goemanschris.txt
Manning,Dale,ENRE,2021,JA,a,N,1,Goemans;Manning;Suter,Changing climate changing minds? Effects of natural disasters on public perceptions,Climatic Change,10.1007/s10584-022-03441-9,manningdale.txt
Suter,Jordan,ENRE,2021,JA,a,U,1,Goemans;Manning;Suter,Changing climate changing minds? Effects of natural disasters on public perceptions,Climatic Change,10.1007/s10584-022-03441-9,suterjordan.txt
Kroll,Stephan,ENRE,2023,JA,a,N,0,,Climate Cooperation with Risky Solar Geoengineering,Climatic Change,10.1007/s10584-023-03612-2,krollstephan.txt
Hoag,Dana,ENRE,2026,JA,a,N,0,,Toward Coexistence: A Psychometric Framework for Large Carnivore Conservation.,Conservation Biology,10.1111/cobi.70326,Google Scholar
Seidl,Andrew,ENRE,2023,JA,a,N,0,,Essential planetary health workers: Positioning rangers within global policy,Conservation Letters,10.1111/conl.12955,seidlandrew.txt
Hoag,Dana,ENRE,2022,JA,a,N,0,,Rapid changes in public perception toward wolves,Conservation Science,10.1111/csp2.12632,hoagdana.txt
Seidl,Andrew,ENRE,2024,JA,a,N,0,,Cost-benefit analysis as a decision tool for conservation planning: Nyerere-Selous-Udzungwa Corridor,Conservation Science and Practice,10.1111/csp2.13273,seidlandrew.txt
Burkhardt,Jesse,ENRE,2022,JA,a,N,1,Burkhardt;Manning,The Local Effects of Federal Law Enforcement Policies: Sanctuary Jurisdictions and Crime,Contemporary Economic Policy,10.1111/coep.12564,burkhardtjesse.txt
Manning,Dale,ENRE,2022,JA,a,N,1,Burkhardt;Manning,The Local Effects of Federal Law Enforcement Policies: Sanctuary Jurisdictions and Crime,Contemporary Economic Policy,10.1111/coep.12564,manningdale.txt
Ritten,John,Ag and Food,2025,JA,a,Y,0,,Alfalfa Harvest Timing Impacts on Alfalfa Weevil with Agronomic and Economic Contexts,Crop Production,10.1016/j.cropro.2025.107134,rittenjohn.txt
Bonanno,Alessandro,Ag and Food,2023,JA,a,U,1,Bonanno;Cleary;Jablonski,The Influence of Food Assistance Program Participation on Home Food Environment,Current Developments in Nutrition,10.1016/j.cdnut.2023.100292,clearyrebecca.txt
Cleary,Rebecca,Ag and Food,2023,JA,a,Y,1,Bonanno;Cleary;Jablonski,The Influence of Food Assistance Program Participation on Home Food Environment,Current Developments in Nutrition,10.1016/j.cdnut.2023.100292,clearyrebecca.txt
Jablonski,Becca,Ag and Food,2023,JA,a,U,1,Bonanno;Cleary;Jablonski,The Influence of Food Assistance Program Participation on Home Food Environment,Current Developments in Nutrition,10.1016/j.cdnut.2023.100292,clearyrebecca.txt
Jablonski,Becca,Ag and Food,2024,JA,a,U,1,Jablonski;Thilmany,Building Representative State Groupings in an Input-Output Model for Nutrition Incentive Programs,Economic Development Quarterly,10.1177/08912424241282425,thilmanydawn.txt
Thilmany,Dawn,Ag and Food,2024,JA,a,N,1,Jablonski;Thilmany,Building Representative State Groupings in an Input-Output Model for Nutrition Incentive Programs,Economic Development Quarterly,10.1177/08912424241282425,thilmanydawn.txt
Mooney,Daniel,Ag and Food,2025,JA,a,N,0,,Synergies and trade-offs between ecosystem services and economics in dryland cover crop systems,Ecosphere,10.1002/ecs2.70397,mooneydaniel.txt
Seidl,Andrew,ENRE,2021,JA,a,N,0,,Finance for Nature: Bridging the blue-green investment gap,Ecosystem Services,10.1016/j.ecoser.2021.101351,seidlandrew.txt
Seidl,Andrew,ENRE,2024,JA,a,N,0,,Investing in the wealth of nature through biodiversity and ecosystem services finance solutions,Ecosystem Services,10.1016/j.ecoser.2024.101601,seidlandrew.txt
Bayham,Jude,ENRE,2021,JA,a,N,0,,Estimating the Impact of Statewide Policies to Reduce Spread of SARS-CoV-2,Emerging Infectious Diseases,10.3201/eid2709.204167,bayhamjude.txt
Cleary,Rebecca,Ag and Food,2022,JA,a,N,0,,Strategic Supermarket Pricing of Private Labels and Manufacturer Brands,Empirical Economics,10.1007/s00181-021-02123-2,clearyrebecca.txt
Woerman,Matt,ENRE,2025,JA,a,N,0,,Intermittency and uncertainty in wind and solar energy: Impacts on the French electricity market,Energy Economics,10.1016/j.eneco.2024.108176,woermanmatt.txt
Woerman,Matt,ENRE,2025,JA,a,N,0,,Residential demand for energy in light of changing solar prices,Energy Economics,10.1016/j.eneco.2025.108351,woermanmatt.txt
Suter,Jordan,ENRE,2022,JA,a,U,0,,Lottery Incentives and Resource Management: Evidence from AgDRIP,Environmental and Resource Economics,10.1007/s10640-022-00690-1,suterjordan.txt
Kroll,Stephan,ENRE,2024,JA,a,N,0,,Solar Geoengineering Free-Driving and Conflict: An Experimental Investigation,Environmental and Resource Economics,10.1007/s10640-024-00854-1,krollstephan.txt
Kroll,Stephan,ENRE,2026,JA,a,,0,,Climate Intervention and Mitigation: Strategic Responses to Technological Advances in Solar Geoengineering,Environmental and Resource Economics,10.1007/s10640-026-01072-7,Google Scholar
Kroll,Stephan,ENRE,2023,JA,a,N,0,,Climate Cooperation in the Shadow of Solar Geoengineering: Moral Hazard Conjecture,Environmental Politics,10.1080/09644016.2022.2066285,krollstephan.txt
Ritten,John,Ag and Food,2024,JA,a,N,0,,Net Zero Initiative in US Beef and Dairy Systems,Environmental Research Communications,10.1088/2515-7620/ad82b5,rittenjohn.txt
Bayham,Jude,ENRE,2025,JA,a,U,1,Bayham;Goemans;Manning;Suter,Inland flooding in the United States: a review,Environmental Research Letters,10.1088/1748-9326/add35e,suterjordan.txt
Goemans,Chris,ENRE,2025,JA,a,Y,1,Bayham;Goemans;Manning;Suter,Inland flooding in the United States: a review,Environmental Research Letters,10.1088/1748-9326/add35e,goemanschris.txt
Suter,Jordan,ENRE,2025,JA,a,Y,1,Bayham;Goemans;Manning;Suter,Inland flooding in the United States: a review,Environmental Research Letters,10.1088/1748-9326/add35e,suterjordan.txt
Bayham,Jude,ENRE,2022,JA,a,N,1,Bayham;Burkhardt,Outside in: indoor and outdoor particulate air quality during wildfire smoke events,Environmental Research: Health,10.1088/2752-5309/ac7d69,bayhamjude.txt
Burkhardt,Jesse,ENRE,2022,JA,a,N,1,Bayham;Burkhardt,Outside in: indoor and outdoor particulate air quality during wildfire smoke events,Environmental Research: Health,10.1088/2752-5309/ac7d69,burkhardtjesse.txt
Goemans,Chris,ENRE,2021,JA,a,U,1,Goemans;Kroll,Learning to Accept Welfare-Enhancing Policies: Congestion Pricing,Experimental Economics,10.1007/s10683-020-09650-2,krollstephan.txt
Kroll,Stephan,ENRE,2021,JA,a,N,1,Goemans;Kroll,Learning to Accept Welfare-Enhancing Policies: Congestion Pricing,Experimental Economics,10.1007/s10683-020-09650-2,krollstephan.txt
Countryman,Amanda,Ag and Food,2025,JA,b,U,0,,Addressing retail meat waste: a focus group study on discolored beef,Food and Humanity,10.1016/j.foohum.2025.100639,countrymanamanda.txt
Magnan,Nicholas,Ag and Food,2026,JA,a,Y,0,,Fungal ecology and postharvest factors driving aflatoxin contamination in Ghanaian groundnuts,Food Control,10.1016/j.foodcont.2025.111582,magnannicholas.txt
Bonanno,Alessandro,Ag and Food,2021,JA,a,N,0,,Too Cool for Farm to School? Determinants of Farm to School Programming Continuation,Food Policy,10.1016/j.foodpol.2021.102045,bonannoalessandrocv.txt
Bonanno,Alessandro,Ag and Food,2021,JA,a,N,1,Bonanno;Jablonski,Measuring stocks of community wealth and its association with food systems efforts,Food Policy,10.1016/j.foodpol.2021.102119,bonannoalessandrocv.txt
Jablonski,Becca,Ag and Food,2021,JA,a,U,1,Bonanno;Jablonski,Measuring stocks of community wealth and its association with food systems efforts,Food Policy,10.1016/j.foodpol.2021.102119,bonannoalessandrocv.txt
Suter,Jordan,ENRE,2024,JA,a,U,0,,Measuring changes in pork demand and welfare effects of African swine fever,Food Policy,10.1016/j.foodpol.2024.102672,suterjordan.txt
Thilmany,Dawn,Ag and Food,2024,JA,a,N,1,Thilmany;Van Sandt,A comment on USDA Food Business Centers: Collaborations to nurture innovation,Food Policy,10.1016/j.foodpol.2024.102727,thilmanydawn.txt
Costanigro,Marco,Ag and Food,2025,JA,a,N,0,,The Information Value of Geographical Indications,Food Policy,10.1016/j.foodpol.2024.102769,costanigromarco.txt
Chenarides,Lauren,Ag and Food,2025,JA,a,N,0,,Dollar-Store Impact on Local Labor Markets and Retail Activity,Food Policy,10.1016/j.foodpol.2025.102827,chenarideslauren.txt
Chenarides,Lauren,Ag and Food,2025,JA,a,N,0,,A Review of Data Linkages for Policy-Informing Research in Food and Ag Economics,Food Policy,10.1016/j.foodpol.2025.102996,chenarideslauren.txt
Berning,Joshua,Ag and Food,2023,JA,a,N,1,Berning;Cleary,Food Insecurity Among Immigrant Populations in the United States,Food Security,10.1007/s12571-022-01322-8,berningjoshua.txt
Cleary,Rebecca,Ag and Food,2023,JA,a,N,1,Berning;Cleary,Food Insecurity Among Immigrant Populations in the United States,Food Security,10.1007/s12571-022-01322-8,clearyrebecca.txt
Hoag,Dana,ENRE,2024,JA,b,N,0,,Bilateral trade welfare impacts of India’s export ban of non-basmati rice using the Global Partial Equilibrium Simulation Model (GSIM),Foods,10.3390/foods13193124,Google Scholar
Magnan,Nicholas,Ag and Food,2023,JA,a,Y,0,,A Spatial Dependent Approach to Assessing Impacts of Sustainable Forestry Initiative Certification,Forest Policy and Economics,10.1016/j.forpol.2023.103071,magnannicholas.txt
Bayham,Jude,ENRE,2024,JA,a,N,0,,Retention of Highly Qualified Wildland Firefighters in the Western US,Forest Policy and Economics,10.1016/j.forpol.2023.103115,bayhamjude.txt
Van Sandt,Anders,Ag and Food,2025,JA,a,N,0,,Unwinding the Spiral of Silence in Rural America,Frontiers in Climate,10.3389/fclim.2025.1398452,vansandtanders.txt
DeLay,Nathan,Ag and Food,2025,JA,a,N,1,DeLay;Ritten,Incorporating Virtual Fencing to Manage Yearling Steers on Extensive Rangelands,Frontiers in Veterinary Science,10.3389/fvets.2025.1637190,delaynathan.txt
Ritten,John,Ag and Food,2025,JA,a,N,1,DeLay;Ritten,Incorporating Virtual Fencing to Manage Yearling Steers on Extensive Rangelands,Frontiers in Veterinary Science,10.3389/fvets.2025.1637190,rittenjohn.txt
Countryman,Amanda,Ag and Food,2025,JA,a,Y,0,,Potential economy-wide impacts of an African swine fever outbreak in the United States,Frontiers in Veterinary Science,10.3389/fvets.2026.1752899,Google Scholar
Bayham,Jude,ENRE,2021,JA,b,N,0,,Time Reallocation and the Cost and Benefit of School Closures During an Epidemic,Frontiers of Economics in China,10.54605/fec20210204,bayhamjude.txt
Bayham,Jude,ENRE,2022,JA,a,N,0,,The Unintended Benefits of the Conservation Reserve Program for Air Quality,GeoHealth,10.1029/2022gh000648,bayhamjude.txt
Burkhardt,Jesse,ENRE,2026,JA,a,,0,,Soil Organic Carbon Improves Crop Yield and Yield Resilience,Global Change Biology,10.1111/gcb.70909,Google Scholar
Burkhardt,Jesse,ENRE,2023,JA,a,N,1,Burkhardt;Hoag,Willingness to pay for reintroducing wolves in a divided voting base,Global Ecology and Conservation,10.1016/j.gecco.2023.e02576,burkhardtjesse.txt
Hoag,Dana,ENRE,2023,JA,a,N,1,Burkhardt;Hoag,Willingness to pay for reintroducing wolves in a divided voting base,Global Ecology and Conservation,10.1016/j.gecco.2023.e02576,hoagdana.txt
Ritten,John,Ag and Food,2025,JA,a,N,0,,Context is Key to Understand and Improve Livestock Production Systems,Global Food Security,10.1016/j.gfs.2025.100840,rittenjohn.txt
Chenarides,Lauren,Ag and Food,2024,JA,b,N,0,,Creating Engagements: Bringing the user into Data Democratization,Harvard Data Science Review,10.1162/99608f92.24c26aa9,chenarideslauren.txt
Berning,Joshua,Ag and Food,2021,JA,b,N,0,,GMO Turfgrass Introduction to the Market,HortScience,10.21273/hortsci15871-21,berningjoshua.txt
Hoag,Dana,ENRE,2025,JA,a,N,0,,US livestock producer interest in alternatives to compensation programs for wolf depredation,Human Dimensions of Wildlife,10.1080/10871209.2024.2414880,Google Scholar
DeLay,Nathan,Ag and Food,2021,JA,a,N,0,,LATTICE: Machine Learning Data Engineering and Policy for Digital Agriculture,IEEE Open Journal of the Computer Society,10.1109/OJCS.2021.3085846,delaynathan.txt
Bayham,Jude,ENRE,2022,JA,a,N,0,,Model-Based Evaluation of Policy Impacts and COVID-19 Risk at Long Term Care Facilities,Infectious Disease Modelling,10.1016/j.idm.2022.07.003,bayhamjude.txt
Chenarides,Lauren,Ag and Food,2025,JA,a,N,0,,Machine learning in applied economics and agribusiness,International Food and Agribusiness Management Review,10.22434/ifamr.0001,chenarideslauren.txt
Cleary,Rebecca,Ag and Food,2022,JA,a,N,0,,Facility Locations in the Fresh Produce Supply Chain,International Journal of Production Economics,10.1016/j.ijpe.2022.108534,clearyrebecca.txt
Ritten,John,Ag and Food,2023,JA,a,Y,0,,A ranching economic analysis of ventenata control in northeast Wyoming,Invasive Plant Science and Management,10.1017/inp.2023.8,rittenjohn.txt
Hoag,Dana,ENRE,2026,JA,b,N,0,,Stochastic Risk and Economic Analyses of Hydroponic Systems for Vegetable Production under Arid Lands Conditions,J. Agricultural and Environmental Information Systems,nodoi,Google Scholar
Mooney,Daniel,Ag and Food,2025,JA,b,N,0,,Hemp Farming and Credit Access in the United States,Journal of Agribusiness,10.22004/ag.econ.387628,mooneydaniel.txt
Mooney,Daniel,Ag and Food,2023,JA,a,Y,0,,Comparative Profitability of Irrigated Cropping Activities for Temporary Water Transfers,Journal of Agricultural and Resource Economics,10.22004/ag.econ.320671,mooneydaniel.txt
Bonanno,Alessandro,Ag and Food,2023,JA,a,N,0,,I say Milk you say Mylk: Demand separability and substitution in a broadened milk category,Journal of Agricultural and Resource Economics,10.22004/ag.econ.320675,bonannoalessandrocv.txt
Bayham,Jude,ENRE,2023,JA,a,N,1,Bayham;Suter,Reductions in National Forest Campground Reservation Demand from Wildfire,Journal of Agricultural and Resource Economics,10.22004/ag.econ.322851,bayhamjude.txt
Suter,Jordan,ENRE,2023,JA,a,N,1,Bayham;Suter,Reductions in National Forest Campground Reservation Demand from Wildfire,Journal of Agricultural and Resource Economics,10.22004/ag.econ.322851,suterjordan.txt
Countryman,Amanda,Ag and Food,2024,JA,a,Y,0,,Economy-Wide Effects of Bovine Spongiform Encephalopathy in Brazil,Journal of Agricultural and Resource Economics,10.22004/ag.econ.342181,countrymanamanda.txt
Cleary,Rebecca,Ag and Food,2024,JA,a,N,0,,Health News Environment and the Distribution of Diet Quality,Journal of Agricultural and Resource Economics,10.22004/ag.econ.342182,clearyrebecca.txt
DeLay,Nathan,Ag and Food,2025,JA,a,N,1,DeLay;Mooney;Ritten,Climate and Consolidation in the US Beef Cow Sector,Journal of Agricultural and Resource Economics,10.22004/ag.econ.344684,delaynathan.txt
Mooney,Daniel,Ag and Food,2025,JA,a,N,1,DeLay;Mooney;Ritten,Climate and Consolidation in the US Beef Cow Sector,Journal of Agricultural and Resource Economics,10.22004/ag.econ.344684,mooneydaniel.txt
Ritten,John,Ag and Food,2025,JA,a,N,1,DeLay;Mooney;Ritten,Climate and Consolidation in the US Beef Cow Sector,Journal of Agricultural and Resource Economics,10.22004/ag.econ.344684,rittenjohn.txt
DeLay,Nathan,Ag and Food,2022,JA,a,N,0,,Precision Agriculture Adoption and Technical Efficiency,Journal of Agricultural Economics,10.1111/1477-9552.12440,delaynathan.txt
Enns,Kellie,Ag Ed,2022,JA,b,N,0,,Agrarianism in Agricultural Education: A Narrative Study,Journal of Agricultural Education,10.5032/jae.2022.03135,ennskellie.txt
Bennett,Jenny,Ag Ed,2025,JA,b,N,0,,Understanding Barriers to SAE Implementation and Professional Development Needs,Journal of Agricultural Education,10.5032/jae.v66i4.3220,bennettjenny.txt
Bennett,Jenny,Ag Ed,2026,JA,b,U,1,Bennett;Clark;Enns,Investigating the Sources and Influences Shaping Pedagogical Content Knowledge,Journal of Agricultural Education,10.5032/jae.v67i1.3218,clarknathan.txt
Clark,Nathan,Ag Ed,2026,JA,b,N,1,Bennett;Clark;Enns,Investigating the Sources and Influences Shaping Pedagogical Content Knowledge,Journal of Agricultural Education,10.5032/jae.v67i1.3218,clarknathan.txt
Enns,Kellie,Ag Ed,2026,JA,b,U,1,Bennett;Clark;Enns,Investigating the Sources and Influences Shaping Pedagogical Content Knowledge,Journal of Agricultural Education,10.5032/jae.v67i1.3218,clarknathan.txt
Hill,Alexandra,Ag and Food,2022,JA,a,N,0,,Estimating the Nonfatal Injury Undercount in Agriculture from 2004-2019,Journal of Agricultural Safety and Health,10.13031/jash.15039,hillalexandra.txt
Mooney,Daniel,Ag and Food,2021,JA,a,Y,0,,Evaluation of Biological and Economic Efficiency of the All Heifer No Cow Beef Production System,Journal of Animal Science,10.1093/jas/skaa405,mooneydaniel.txt
Enns,Kellie,Ag Ed,2025,JA,a,U,1,Enns;Ritten,Evaluation of cattle sub-species and growth-promoting technology on growth performance,Journal of Animal Science,10.1093/jas/skaf322,rittenjohn.txt
Ritten,John,Ag and Food,2025,JA,a,N,1,Enns;Ritten,Evaluation of cattle sub-species and growth-promoting technology on growth performance,Journal of Animal Science,10.1093/jas/skaf322,rittenjohn.txt
Ritten,John,Ag and Food,2025,JA,a,,0,,"Evaluation of cattle sub-species and growth-promoting technology on growth performance, carcass characteristics, and enteric gas flux of steers finished in winter feedlot conditions",Journal of Animal Science,10.1093/jas/skaf448,Google Scholar
Suter,Jordan,ENRE,2025,JA,a,N,0,,Time pressure and motivated delay effects on sanctioning in a social dilemma,Journal of Behavioral and Experimental Economics,10.1016/j.socec.2025.102403,suterjordan.txt
Burkhardt,Jesse,ENRE,2023,JA,a,N,0,,Sustainability of lettuce production: local and centralized food production,Journal of Cleaner Production,10.1016/j.jclepro.2023.139224,burkhardtjesse.txt
Hoag,Dana,ENRE,2025,JA,a,N,0,,Life cycle assessment of open and closed hydroponic systems for vegetable production,Journal of Cleaner Production,10.1016/j.jclepro.2025.146920,hoagdana.txt
DeLay,Nathan,Ag and Food,2026,JA,a,,0,,Integrating automated body condition scores and lactation data via optimization algorithms for maximized milk revenue and minimized cost of delayed conception in dairy cows,Journal of Dairy Science,10.3168/jds.2025-28132,Google Scholar
Magnan,Nicholas,Ag and Food,2021,JA,a,Y,0,,Information Technology and Market Rewards: Incentivizing Aflatoxin Control in Ghana,Journal of Development Economics,10.1016/j.jdeveco.2020.102620,magnannicholas.txt
Magnan,Nicholas,Ag and Food,2025,JA,a,Y,0,,Going the Distance: Hybrid Vocational Training for Women in Nepal,Journal of Development Economics,10.1016/j.jdeveco.2024.103414,magnannicholas.txt
Magnan,Nicholas,Ag and Food,2024,JA,a,Y,0,,Challenges to Groundnut Value Chain Development: Lessons from an Attempted Experiment in Ghana,Journal of Development Effectiveness,10.1080/19439342.2024.2319657,magnannicholas.txt
Suter,Jordan,ENRE,2022,JA,a,U,0,,Experimental Evidence of Common Pool Resource Use in the Presence of Uncertainty,Journal of Economic Behavior and Organization,10.1016/j.jebo.2021.12.012,suterjordan.txt
Magnan,Nicholas,Ag and Food,2022,JA,a,N,0,,Demand for Weather Index Insurance among Smallholder Farmers under Prospect Theory,Journal of Economic Behavior and Organization,10.1016/j.jebo.2022.07.027,magnannicholas.txt
Van Sandt,Anders,Ag and Food,2025,JA,a,N,0,,Revealing US Retail Industries Functional Hierarchy Through Demand Thresholds,Journal of Economic Structures,10.1186/s40008-025-00359-0,vansandtanders.txt
Woerman,Matt,ENRE,2023,JA,a,N,0,,Linking carbon markets with different initial conditions,Journal of Environmental Economics and Management,10.1016/j.jeem.2023.102820,woermanmatt.txt
Goemans,Chris,ENRE,2025,JA,a,N,1,Goemans;Manning,Insurance and Extraction Incentives in a Common Pool Resource,Journal of Environmental Economics and Management,10.1016/j.jeem.2025.103125,goemanschris.txt
Bayham,Jude,ENRE,2022,JA,a,N,1,Bayham;Burkhardt,Does air pollution increase electric vehicle adoption,Journal of Environmental Economics and Policy,10.1080/21606544.2022.2059015,bayhamjude.txt
Burkhardt,Jesse,ENRE,2022,JA,a,N,1,Bayham;Burkhardt,Does air pollution increase electric vehicle adoption,Journal of Environmental Economics and Policy,10.1080/21606544.2022.2059015,burkhardtjesse.txt
Countryman,Amanda,Ag and Food,2022,JA,a,Y,0,,Economic and Environmental Impacts of Ballast Water Management on SIDS and LDCs,Journal of Environmental Management,10.1016/j.jenvman.2021.113779,countrymanamanda.txt
Ritten,John,Ag and Food,2023,JA,a,N,0,,Ranch-Level Economic Benefits of Working Lands Greater Sage-Grouse Conservation Programs,Journal of Environmental Management,10.1016/j.jenvman.2022.116420,rittenjohn.txt
Ritten,John,Ag and Food,2024,JA,a,N,0,,The LTAR Grazingland Common Experiment at the Central Plains Experimental Range,Journal of Environmental Quality,10.1002/jeq2.20599,rittenjohn.txt
Ritten,John,Ag and Food,2025,JA,a,N,0,,Building consensus toward an effective performance indicator framework for sustainable farms,Journal of Environmental Quality,10.1002/jeq2.70051,rittenjohn.txt
Countryman,Amanda,Ag and Food,2021,JA,b,Y,0,,Potential Impacts of Hard Infrastructure Development on Food and Agricultural Trade,Journal of Food Distribution Research,10.22004/ag.econ.317782,countrymanamanda.txt
Thilmany,Dawn,Ag and Food,2023,JA,b,Y,0,,Price Transmission and Asymmetry in the Colorado Potato Supply Chain,Journal of Food Distribution Research,10.22004/ag.econ.339678,thilmanydawn.txt
Bayham,Jude,ENRE,2023,JA,a,N,0,,Wildfire Response: A System on the Brink,Journal of Forestry,10.1093/jofore/fvac042,bayhamjude.txt
Burkhardt,Jesse,ENRE,2022,JA,a,N,0,,Smoke-Driven Changes in Photosynthetically Active Radiation During US Growing Season,Journal of Geophysical Research: Atmospheres,10.1029/2022jd037446,burkhardtjesse.txt
Van Sandt,Anders,Ag and Food,2026,JA,a,,0,,Nurse practitioner training and local medical provider supply,Journal of Health Economics,10.1016/j.jhealeco.2026.103121,Google Scholar
Cleary,Rebecca,Ag and Food,2024,JA,a,N,0,,Determining the Optimal Food Hub Location in the Fresh Produce Supply Chain,Journal of Modelling in Management,10.1108/jm2-02-2024-0042,clearyrebecca.txt
Suter,Jordan,ENRE,2023,JA,a,N,0,,Camping in Clearcuts: Impacts of Timber Harvesting on USFS Campground Utilization,Journal of Outdoor Recreation and Tourism,10.1016/j.jort.2023.100690,suterjordan.txt
Costanigro,Marco,Ag and Food,2021,JA,a,Y,1,Costanigro;Frasier;Jablonski,The Impact of State Farm to School Procurement Incentives on School Purchasing Decisions,Journal of School Health,10.1111/josh.13013,costanigromarco.txt
Frasier,Marshall,Ag and Food,2021,JA,a,,1,Costanigro;Frasier;Jablonski,The Impact of State Farm to School Procurement Incentives on School Purchasing Decisions,Journal of School Health,10.1111/josh.13013,Google Scholar
Jablonski,Becca,Ag and Food,2021,JA,a,,1,Costanigro;Frasier;Jablonski,The Impact of State Farm to School Procurement Incentives on School Purchasing Decisions,Journal of School Health,10.1111/josh.13013,Google Scholar
Burkhardt,Jesse,ENRE,2024,JA,a,N,0,,Delivering affordable clean energy to consumers,Journal of the Academy of Marketing Science,10.1007/s11747-024-01003-2,burkhardtjesse.txt
Chenarides,Lauren,Ag and Food,2024,JA,b,N,1,Chenarides;Jablonski;Thilmany,Federal Economic Data on Local and Regional Food Producers,Journal of the Agricultural and Applied Economics Association,10.1002/jaa2.131,chenarideslauren.txt
Jablonski,Becca,Ag and Food,2024,JA,b,U,1,Chenarides;Jablonski;Thilmany,Federal Economic Data on Local and Regional Food Producers,Journal of the Agricultural and Applied Economics Association,10.1002/jaa2.131,chenarideslauren.txt
Thilmany,Dawn,Ag and Food,2024,JA,b,N,1,Chenarides;Jablonski;Thilmany,Federal Economic Data on Local and Regional Food Producers,Journal of the Agricultural and Applied Economics Association,10.1002/jaa2.131,thilmanydawn.txt
Thilmany,Dawn,Ag and Food,2026,JA,a,,0,,Regionalizing the food dollar,Journal of the Agricultural and Applied Economics Association,10.1002/jaa2.70044,Google Scholar
Countryman,Amanda,Ag and Food,2023,JA,a,Y,0,,Potential economic impacts of foot-and-mouth disease in Brazil,Journal of the Agricultural and Applied Economics Association,10.1002/jaa2.73,countrymanamanda.txt
Suter,Jordan,ENRE,2023,JA,a,N,0,,"Seasons, Stress, Salience, and Support for Cooperative Groundwater Management",Journal of the Agricultural and Applied Economics Association,10.1002/jaa2.78,suterjordan.txt
Mooney,Daniel,Ag and Food,2023,JA,b,N,0,,Estimating the Ex-Ante Adoption Determinants of Novel Cropping Systems with Nonpecuniary Benefits,Journal of the Agricultural and Applied Economics Association,10.1002/jaa2.93,mooneydaniel.txt
Bonanno,Alessandro,Ag and Food,2024,JA,b,N,0,,Farm to School Programming Spillovers and Households Fruits and Vegetables Purchases,Journal of the Agricultural and Applied Economics Association,10.1002/jaa2.95,bonannoalessandrocv.txt
Mooney,Daniel,Ag and Food,2024,JA,b,Y,0,,Total Ranch Analysis Colorado (TRAC): A Ranch Benchmarking Program,Journal of the American Society of Farm Managers and Rural Appraisers,10.22004/ag.econ.342913,mooneydaniel.txt
Ritten,John,Ag and Food,2022,JA,b,Y,0,,Farm-Level Economics of Bioenergy in the Upper Missouri River Basin,Journal of the American Society of Farm Managers and Rural Appraisers,nodoi,rittenjohn.txt
Ritten,John,Ag and Food,2024,JA,b,Y,0,,Feasibility of Integrating Cover Crops into Irrigated Barley,Journal of the American Society of Farm Managers and Rural Appraisers,nodoi,rittenjohn.txt
Goemans,Chris,ENRE,2021,JA,a,N,1,Goemans;Manning;Suter,Policy Leakage or Policy Benefit? Spatial Spillovers from Conservation Policies,Journal of the Association of Environmental and Resource Economists,10.1086/714148,goemanschris.txt
Manning,Dale,ENRE,2021,JA,a,N,1,Goemans;Manning;Suter,Policy Leakage or Policy Benefit? Spatial Spillovers from Conservation Policies,Journal of the Association of Environmental and Resource Economists,10.1086/714148,manningdale.txt
Suter,Jordan,ENRE,2021,JA,a,N,1,Goemans;Manning;Suter,Policy Leakage or Policy Benefit? Spatial Spillovers from Conservation Policies,Journal of the Association of Environmental and Resource Economists,10.1086/714148,suterjordan.txt
Manning,Dale,ENRE,2022,JA,a,N,0,,Ecosystem Services and Land Rental Markets: Producer Costs of Bat Population Crashes,Journal of the Association of Environmental and Resource Economists,10.1086/720303,manningdale.txt
Kroll,Stephan,ENRE,2024,JA,a,N,0,,International Climate Agreements under the Threat of Solar Geoengineering,Journal of the Association of Environmental and Resource Economists,10.1086/728140,krollstephan.txt
Woerman,Matt,ENRE,2024,JA,a,N,0,,Intermittency or uncertainty? Impacts of renewable energy in electricity markets,Journal of the Association of Environmental and Resource Economists,10.1086/729841,woermanmatt.txt
Costanigro,Marco,Ag and Food,2021,JA,a,N,1,Costanigro;Jablonski,Consumer Stigma and the Reputation Trap Hypothesis,Journal of Wine Economics,10.1017/jwe.2021.8,costanigromarco.txt
Jablonski,Becca,Ag and Food,2021,JA,a,U,1,Costanigro;Jablonski,Consumer Stigma and the Reputation Trap Hypothesis,Journal of Wine Economics,10.1017/jwe.2021.8,costanigromarco.txt
DeLay,Nathan,Ag and Food,2024,JA,a,N,0,,Value of Farm Data in Farmland Rental Markets,Land Economics,10.3368/le.100.4.041023-0032R1,delaynathan.txt
Lewis,Lynne,ENRE,2024,JA,a,N,0,,Fat Tails and WTP: Kristrom revisited,Land Economics,10.3368/le.100.4.060823-0052r,lewislynne.txt
Bayham,Jude,ENRE,2026,JA,a,N,0,,Are mobility data a substitute for travel cost surveys,Land Economics,10.3368/le.102.3.012626-0015,bayhamjude.txt
Suter,Jordan,ENRE,2021,JA,a,N,0,,The Importance of Well Yield in Groundwater Demand Specification,Land Economics,10.3368/wple.97.3.030320-0031r1,suterjordan.txt
Burkhardt,Jesse,ENRE,2023,JA,a,N,0,,Field experimental evidence on the effect of pricing on residential electricity conservation,Management Science,10.1287/mnsc.2020.02074,burkhardtjesse.txt
Countryman,Amanda,Ag and Food,2024,JA,a,Y,0,,Consumer willingness to pay for beef based on color and price discounts,Meat Science,10.1016/j.meatsci.2024.109597,countrymanamanda.txt
Bayham,Jude,ENRE,2021,JA,b,N,0,,Maximizing the Efficiency of Active Case Finding for SARS-CoV-2 Using Bandit Algorithms,Medical Decision Making,10.1177/0272989x211021603,bayhamjude.txt
Enns,Kellie,Ag Ed,2023,JA,b,Y,0,,Impacts of the COVID-19 Pandemic on Student Performance and Perceptions of Learning,NACTA Journal,10.56103/nactaj.v67i1.94,ennskellie.txt
Bennett,Jenny,Ag Ed,2025,JA,b,N,1,Bennett;Clark;Enns,An examination of the effectiveness of an institutional intervention to improve retention,NACTA Journal,10.56103/nactaj.v69i1.210,bennettjenny.txt
Clark,Nathan,Ag Ed,2025,JA,b,N,1,Bennett;Clark;Enns,An examination of the effectiveness of an institutional intervention to improve retention,NACTA Journal,10.56103/nactaj.v69i1.210,clarknathan.txt
Enns,Kellie,Ag Ed,2025,JA,b,N,1,Bennett;Clark;Enns,An examination of the effectiveness of an institutional intervention to improve retention,NACTA Journal,10.56103/nactaj.v69i1.210,ennskellie.txt
Woerman,Matt,ENRE,2026,JA,a,,0,,Reproducibility and robustness of economics and political science research,Nature,10.1038/s41586-026-10251-x,Google Scholar
Burkhardt,Jesse,ENRE,2025,JA,a,N,0,,Solar energy resource availability under extreme and historical wildfire smoke conditions,Nature Communications,10.1038/s41467-024-54163-8,burkhardtjesse.txt
Seidl,Andrew,ENRE,2021,JA,a,N,0,,The effectiveness of national biodiversity investments to protect the wealth of nature,Nature Ecology and Evolution,10.1038/s41559-020-01372-1,seidlandrew.txt
Seidl,Andrew,ENRE,2023,JA,a,N,0,,Crowdfunding marine and coastal parks and protected areas,Ocean & Coastal Management,10.1016/j.ocecoaman.2023.106726,seidlandrew.txt
Seidl,Andrew,ENRE,2021,JA,a,N,0,,Building sustainable financing for resilient protected and conserved areas,PARKS,10.2305/IUCN.CH.2021.PARKS-27-SITC.en,seidlandrew.txt
Hoag,Dana,ENRE,2026,JA,a,N,0,,Drivers of wolf depredation reporting and compensation use intentions by livestock producers,PeerJ,10.7717/peerj.20732,Google Scholar
Suter,Jordan,ENRE,2022,JA,a,Y,0,,Summer Crowds: USFS Campground Reservations During the COVID-19 Pandemic,PLOS ONE,10.1371/journal.pone.0261833,suterjordan.txt
Countryman,Amanda,Ag and Food,2024,JA,a,Y,0,,Economic effects of livestock disease burden in Ethiopia: a CGE analysis,PLOS ONE,10.1371/journal.pone.0310268,countrymanamanda.txt
DeLay,Nathan,Ag and Food,2025,JA,a,N,1,DeLay;Mooney,Externalities in Wild Pig Damages on US Crop and Livestock Farms,PLOS ONE,10.1371/journal.pone.0320316,delaynathan.txt
Mooney,Daniel,Ag and Food,2025,JA,a,N,1,DeLay;Mooney,Externalities in Wild Pig Damages on US Crop and Livestock Farms,PLOS ONE,10.1371/journal.pone.0320316,mooneydaniel.txt
Goemans,Chris,ENRE,2024,JA,a,N,0,,A review of residential water conservation policies,PLOS Water,10.1371/journal.pwat.0000278,goemanschris.txt
DeLay,Nathan,Ag and Food,2021,JA,a,N,0,,Understanding the Farm Data Lifecycle,Precision Agriculture,10.1007/s11119-021-09807-w,delaynathan.txt
Countryman,Amanda,Ag and Food,2025,JA,a,U,0,,Integrating epidemiological and economic models to estimate FMD outbreak cost in Brazil,Preventive Veterinary Medicine,10.1016/j.prevetmed.2025.106558,countrymanamanda.txt
Bayham,Jude,ENRE,2021,JA,a,N,0,,Measuring voluntary and policy-induced social distancing behavior during COVID-19,Proceedings of the National Academy of Sciences,10.1073/pnas.2008814118,bayhamjude.txt
Countryman,Amanda,Ag and Food,2021,JA,b,N,0,,"The Impacts of COVID-19 on GDP, food prices, and food security",Q Open,10.1093/qopen/qoab005,countrymanamanda.txt
Kroll,Stephan,ENRE,2021,JA,b,N,0,,Inequality Hinders Group Efforts to Avoid Environmental Disasters,Q Open,10.1093/qopen/qoab006,krollstephan.txt
Countryman,Amanda,Ag and Food,2021,JA,b,N,0,,Safeguard Measures and Fresh Produce Trade: U.S. Blueberry Imports,Q Open,10.1093/qopen/qoab018,countrymanamanda.txt
Countryman,Amanda,Ag and Food,2022,JA,b,Y,0,,Economic Assessment of Foot-and-Mouth Disease Outbreaks in Brazil,Q Open,10.1093/qopen/qoac028,countrymanamanda.txt
Mooney,Daniel,Ag and Food,2023,JA,b,N,0,,Type and Frequency of Wild Pig-Domestic Livestock Contacts and Operator Concern,Q Open,10.1093/qopen/qoad027,mooneydaniel.txt
Chouinard,Hayley,Ag and Food,2026,JA,a,,1,Chouinard;Costanigro,"Food fights in the classroom: a case study exploring the connections between economic reasoning, critical thinking, engagement, and dialogue in polarized contexts",Q Open,10.1093/qopen/qoag010,Google Scholar
Costanigro,Marco,Ag and Food,2026,JA,a,,1,Chouinard;Costanigro,"Food fights in the classroom: a case study exploring the connections between economic reasoning, critical thinking, engagement, and dialogue in polarized contexts",Q Open,10.1093/qopen/qoag010,Google Scholar
Thilmany,Dawn,Ag and Food,2026,JA,a,,0,,Assessing Factors Contributing to a Healthy Work Ecosystem in the Applied Economics Profession,Q Open,10.1093/qopen/qoag018,Google Scholar
Ritten,John,Ag and Food,2022,JA,a,Y,0,,Evaluating economic impacts of prairie dog-cattle competition on ranching enterprises,Rangeland Ecology & Management,10.1016/j.rama.2022.09.003,rittenjohn.txt
Ritten,John,Ag and Food,2024,JA,a,N,0,,Flexible Stocking: Livestock Production and Economic Responses in Mixed-Grass Prairie,Rangeland Ecology & Management,10.1016/j.rama.2024.01.007,rittenjohn.txt
Hoag,Dana,ENRE,2024,JA,a,N,0,,"What's in a Name? Standardizing Terminology for the Enhancement of Research, Extension, and Industry Applications of Virtual Fence Use on Grazing Livestock",Rangeland Ecology & Management,10.1016/j.rama.2024.03.004,Google Scholar
Ritten,John,Ag and Food,2025,JA,a,N,0,,Does drought intensify effects of black-tailed prairie dog on livestock production,Rangeland Ecology & Management,10.1016/j.rama.2024.04.011,rittenjohn.txt
Hoag,Dana,ENRE,2024,JA,a,Y,1,Hoag;Mooney,Beef Cattle Producer Perspectives on Virtual Fencing,Rangeland Ecology & Management,10.1016/j.rama.2024.06.004,hoagdana.txt
Mooney,Daniel,Ag and Food,2024,JA,a,Y,1,Hoag;Mooney,Beef Cattle Producer Perspectives on Virtual Fencing,Rangeland Ecology & Management,10.1016/j.rama.2024.06.004,mooneydaniel.txt
Ritten,John,Ag and Food,2025,JA,a,Y,0,,US Beef Cattle Inventory Trends with Implications for Land Use and Rangelands,Rangeland Ecology & Management,10.1016/j.rama.2025.01.007,rittenjohn.txt
Ritten,John,Ag and Food,2025,JA,a,N,0,,Does Initial Body Size Influence Weight Gain of Stocker Steers,Rangeland Ecology & Management,10.1016/j.rama.2025.08.009,rittenjohn.txt
Enns,Kellie,Ag Ed,2025,JA,a,U,1,Enns;Ritten,Steer Growth Performance and Enteric Gas Flux Across Backgrounding Phases,Rangeland Ecology & Management,10.1016/j.rama.2025.08.010,rittenjohn.txt
Ritten,John,Ag and Food,2025,JA,a,N,1,Enns;Ritten,Steer Growth Performance and Enteric Gas Flux Across Backgrounding Phases,Rangeland Ecology & Management,10.1016/j.rama.2025.08.010,rittenjohn.txt
Ritten,John,Ag and Food,2026,JA,a,,0,,Unravelling the Influence of Adaptive Grazing Management with Multiple Paddocks on Cattle Production in Semiarid Rangeland,Rangeland Ecology & Management,10.1016/j.rama.2026.03.004,Google Scholar
Ritten,John,Ag and Food,2026,JA,a,,0,,"Adaptive, Multipaddock Grazing Management Increased C3 and Reduced C4 Graminoids Without Changing Total Forage Production in Shortgrass Steppe",Rangeland Ecology & Management,10.1016/j.rama.2026.04.003,Google Scholar
Ritten,John,Ag and Food,2026,JA,a,,0,,Nutrient Runoff From North American Grasslands,Rangeland Ecology & Management,10.1016/j.rama.2026.05.006,Google Scholar
Ritten,John,Ag and Food,2022,JA,b,N,0,,Social learning lessons from Collaborative Adaptive Rangeland Management,Rangelands,10.1016/j.rala.2021.02.002,rittenjohn.txt
Ritten,John,Ag and Food,2022,JA,b,N,0,,Adaptive Grazing Management in Semiarid Rangelands: An Outcome-driven Focus,Rangelands,10.1016/j.rala.2021.02.004,rittenjohn.txt
Ritten,John,Ag and Food,2022,JA,b,Y,0,,Stocking rate and marketing dates for yearling steers grazing rangelands,Rangelands,10.1016/j.rala.2022.04.002,rittenjohn.txt
Ritten,John,Ag and Food,2022,JA,b,N,0,,Balancing Ecosystem Service Outcomes at the Ranch-Scale in Shortgrass Steppe,Rangelands,10.1016/j.rala.2022.05.003,rittenjohn.txt
DeLay,Nathan,Ag and Food,2025,JA,b,N,1,DeLay;Hoag;Mooney;Ritten,The Economic Fundamentals of Virtual Fencing Compared to Traditional Fencing,Rangelands,10.1016/j.rala.2024.05.006,delaynathan.txt
Hoag,Dana,ENRE,2025,JA,b,N,1,DeLay;Hoag;Mooney;Ritten,The Economic Fundamentals of Virtual Fencing Compared to Traditional Fencing,Rangelands,10.1016/j.rala.2024.05.006,hoagdana.txt
Mooney,Daniel,Ag and Food,2025,JA,b,N,1,DeLay;Hoag;Mooney;Ritten,The Economic Fundamentals of Virtual Fencing Compared to Traditional Fencing,Rangelands,10.1016/j.rala.2024.05.006,mooneydaniel.txt
Ritten,John,Ag and Food,2025,JA,b,N,1,DeLay;Hoag;Mooney;Ritten,The Economic Fundamentals of Virtual Fencing Compared to Traditional Fencing,Rangelands,10.1016/j.rala.2024.05.006,rittenjohn.txt
Bayham,Jude,ENRE,2023,JA,a,Y,1,Bayham;Berning;Costanigro;Thilmany,Beer sales in grocery and convenience stores: a glass half-full for craft brewers,Regional Studies,10.1080/00343404.2023.2166914,costanigromarco.txt
Berning,Joshua,Ag and Food,2023,JA,a,Y,1,Bayham;Berning;Costanigro;Thilmany,Beer sales in grocery and convenience stores: a glass half-full for craft brewers,Regional Studies,10.1080/00343404.2023.2166914,costanigromarco.txt
Costanigro,Marco,Ag and Food,2023,JA,a,Y,1,Bayham;Berning;Costanigro;Thilmany,Beer sales in grocery and convenience stores: a glass half-full for craft brewers,Regional Studies,10.1080/00343404.2023.2166914,costanigromarco.txt
Thilmany,Dawn,Ag and Food,2023,JA,a,Y,1,Bayham;Berning;Costanigro;Thilmany,Beer sales in grocery and convenience stores: a glass half-full for craft brewers,Regional Studies,10.1080/00343404.2023.2166914,thilmanydawn.txt
Bonanno,Alessandro,Ag and Food,2021,JA,a,U,1,Bonanno;Cleary,Enhancing Understanding of Food Purchasing Patterns in the Northeast,Renewable Agriculture and Food Systems,10.1017/s1742170519000371,clearyrebecca.txt
Cleary,Rebecca,Ag and Food,2021,JA,a,Y,1,Bonanno;Cleary,Enhancing Understanding of Food Purchasing Patterns in the Northeast,Renewable Agriculture and Food Systems,10.1017/s1742170519000371,clearyrebecca.txt
Jablonski,Becca,Ag and Food,2023,JA,a,U,1,Jablonski;Mooney;Thilmany,Producers Marketing a Novel Crop: A Field-Level View of Hemp Market Channels,Renewable Agriculture and Food Systems,10.1017/S1742170523000145,mooneydaniel.txt
Mooney,Daniel,Ag and Food,2023,JA,a,Y,1,Jablonski;Mooney;Thilmany,Producers Marketing a Novel Crop: A Field-Level View of Hemp Market Channels,Renewable Agriculture and Food Systems,10.1017/S1742170523000145,mooneydaniel.txt
Thilmany,Dawn,Ag and Food,2023,JA,a,Y,1,Jablonski;Mooney;Thilmany,Producers Marketing a Novel Crop: A Field-Level View of Hemp Market Channels,Renewable Agriculture and Food Systems,10.1017/S1742170523000145,thilmanydawn.txt
Goemans,Chris,ENRE,2021,JA,a,U,1,Goemans;Manning;Suter,Groundwater Depletion Climate and the Incremental Value of Groundwater,Resource and Energy Economics,10.1016/j.reseneeco.2019.101143,manningdale.txt
Manning,Dale,ENRE,2021,JA,a,N,1,Goemans;Manning;Suter,Groundwater Depletion Climate and the Incremental Value of Groundwater,Resource and Energy Economics,10.1016/j.reseneeco.2019.101143,manningdale.txt
Suter,Jordan,ENRE,2021,JA,a,U,1,Goemans;Manning;Suter,Groundwater Depletion Climate and the Incremental Value of Groundwater,Resource and Energy Economics,10.1016/j.reseneeco.2019.101143,manningdale.txt
Goemans,Chris,ENRE,2021,JA,a,N,1,Goemans;Manning;Suter,Depletion climate and the incremental value of groundwater,Resource and Energy Economics,10.1016/j.reseneeco.2021.101143,goemanschris.txt
Manning,Dale,ENRE,2021,JA,a,U,1,Goemans;Manning;Suter,Depletion climate and the incremental value of groundwater,Resource and Energy Economics,10.1016/j.reseneeco.2021.101143,goemanschris.txt
Suter,Jordan,ENRE,2021,JA,a,U,1,Goemans;Manning;Suter,Depletion climate and the incremental value of groundwater,Resource and Energy Economics,10.1016/j.reseneeco.2021.101143,goemanschris.txt
Countryman,Amanda,Ag and Food,2025,JA,a,U,0,,Island economies in the wake: shipping cost effects from carbon taxes,Resources Conservation and Recycling,10.1016/j.resconrec.2025.108325,countrymanamanda.txt
Chenarides,Lauren,Ag and Food,2023,JA,a,N,0,,Retail Markups and Discount-Store Entry,Review of Industrial Organization,10.1007/s11151-023-09926-w,chenarideslauren.txt
Bayham,Jude,ENRE,2021,JA,a,N,0,,Effects of land dispossession and forced migration on Indigenous peoples,Science,10.1126/science.abe4943,bayhamjude.txt
Lewis,Lynne,ENRE,2025,JA,a,N,0,,Reinstate the National Climate Assessment,Science,10.1126/science.adz3885,lewislynne.txt
Goemans,Chris,ENRE,2023,JA,a,Y,1,Goemans;Manning,Assessment of vulnerability to water shortage in semi-arid river basins,Science of the Total Environment,10.1016/j.scitotenv.2023.161964,goemanschris.txt
Manning,Dale,ENRE,2023,JA,a,Y,1,Goemans;Manning,Assessment of vulnerability to water shortage in semi-arid river basins,Science of the Total Environment,10.1016/j.scitotenv.2023.161964,manningdale.txt
Burkhardt,Jesse,ENRE,2025,JA,a,Y,1,Burkhardt;Suter,Characterizing community water systems exposed to wildfire in the Western US,Science of the Total Environment,10.1016/j.scitotenv.2025.179814,burkhardtjesse.txt
Suter,Jordan,ENRE,2025,JA,a,Y,1,Burkhardt;Suter,Characterizing community water systems exposed to wildfire in the Western US,Science of the Total Environment,10.1016/j.scitotenv.2025.179814,suterjordan.txt
Chenarides,Lauren,Ag and Food,2026,JA,a,N,0,,Data-usage descriptors as search metadata: the case of food security data and the National Data Platform,Scientific Data,10.1038/s41597-026-07753-8,Google Scholar
Bayham,Jude,ENRE,2021,JA,a,N,0,,Risk compensation and face mask mandates during the COVID-19 pandemic,Scientific Reports,10.1038/s41598-021-82574-w,bayhamjude.txt
Bayham,Jude,ENRE,2022,JA,a,N,0,,Modeling the systemic risks of COVID-19 on the wildland firefighting workforce,Scientific Reports,10.1038/s41598-022-12253-x,bayhamjude.txt
Ritten,John,Ag and Food,2022,JA,a,Y,0,,Effects of Feed Efficiency and Diet on Performance and Carcass Characteristics in Growing Wether Lambs,Small Ruminant Research,10.1016/j.smallrumres.2021.106611,rittenjohn.txt
Burkhardt,Jesse,ENRE,2025,JA,a,U,1,Burkhardt;Hoag,How sense of place influences willingness to pay for sustainable wolf populations,Society & Natural Resources,10.1080/08941920.2025.2572064,hoagdana.txt
Hoag,Dana,ENRE,2025,JA,a,N,1,Burkhardt;Hoag,How sense of place influences willingness to pay for sustainable wolf populations,Society & Natural Resources,10.1080/08941920.2025.2572064,hoagdana.txt
Hoag,Dana,ENRE,2021,JA,b,Y,0,,Valuing Cattle Manure as an Agricultural Resource for Efficiency and Environmental Sustainability,Sustainability,10.3390/su13169375,hoagdana.txt
Mooney,Daniel,Ag and Food,2022,JA,b,N,0,,Returns to Disease Resistance Research when Pest Management is an Option,Sustainability,10.3390/su14052859,mooneydaniel.txt
Ritten,John,Ag and Food,2025,JA,a,N,0,,Examining climate benefits from rangeland and pasture management practices,Sustainable Agriculture,10.1038/s44264-025-00105-w,rittenjohn.txt
Van Sandt,Anders,Ag and Food,2026,JA,a,,0,,Rural emergency hospitals: Emerging patterns of adaptation and community perception,The Journal of Rural Health,10.1111/jrh.70112,Google Scholar
Countryman,Amanda,Ag and Food,2025,JA,a,Y,0,,Tariff Troubles: Repercussions of Protectionist Policies on U.S. Agriculture,The World Economy,10.1111/twec.13731,countrymanamanda.txt
Thilmany,Dawn,Ag and Food,2024,JA,a,N,0,,Assessing Economic Impacts of Mile High 420 Festival in Colorado,Tourism and Hospitality,10.3390/tourhosp5030032,thilmanydawn.txt
Mooney,Daniel,Ag and Food,2024,JA,a,Y,0,,Benchmarking Current Pre-Slaughter Management Factors Welfare Indicators and Meat Quality,Translational Animal Science,10.1093/tas/txad150,mooneydaniel.txt
Mooney,Daniel,Ag and Food,2024,JA,a,Y,0,,Pre-Slaughter Factors Affecting Mobility Blood Parameters Bruising and Muscle pH,Translational Animal Science,10.1093/tas/txae035,mooneydaniel.txt
Mooney,Daniel,Ag and Food,2024,JA,a,Y,0,,An analysis of preslaughter management factors on welfare and meat quality outcomes,Translational Animal Science,10.1093/tas/txae108,mooneydaniel.txt
Enns,Kellie,Ag Ed,2025,JA,a,Y,0,,Developing critical thinking and professional skills in animal science students,Translational Animal Science,10.1093/tas/txaf169,ennskellie.txt
Ritten,John,Ag and Food,2026,JA,a,,0,,"Effects of growth hormone implants on animal growth performance, feed intake, carcass characteristics, feeding behavior, gas flux emissions, and relative profitability of finishing Angus steers",Translational Animal Science,10.1093/tas/txag072,Google Scholar
Suter,Jordan,ENRE,2025,JA,a,Y,0,,The unaccounted costs of slash pile burning,Trees Forests and People,10.1016/j.tfp.2025.101081,suterjordan.txt
Hoag,Dana,ENRE,2022,JA,a,Y,1,Hoag;Mooney,More Risk More Money: When are Payments for Water Savings from Limited Irrigation Profitable,Water Resources and Economics,10.1016/j.wre.2022.100212,hoagdana.txt
Mooney,Daniel,Ag and Food,2022,JA,a,Y,1,Hoag;Mooney,More Risk More Money: When are Payments for Water Savings from Limited Irrigation Profitable,Water Resources and Economics,10.1016/j.wre.2022.100212,mooneydaniel.txt
Burkhardt,Jesse,ENRE,2023,JA,a,U,1,Burkhardt;Goemans;Manning,Further evidence on social comparison and residential water use,Water Resources and Economics,10.1016/j.wre.2023.100214,goemanschris.txt
Goemans,Chris,ENRE,2023,JA,a,Y,1,Burkhardt;Goemans;Manning,Further evidence on social comparison and residential water use,Water Resources and Economics,10.1016/j.wre.2023.100214,goemanschris.txt
Manning,Dale,ENRE,2023,JA,a,U,1,Burkhardt;Goemans;Manning,Further evidence on social comparison and residential water use,Water Resources and Economics,10.1016/j.wre.2023.100214,goemanschris.txt
Costanigro,Marco,Ag and Food,2022,JA,a,N,0,,Implicit and Explicit Biases for Recycled Water and Tap Water,Water Resources Research,10.1029/2021WR030712,costanigromarco.txt
Goemans,Chris,ENRE,2024,JA,a,Y,1,Goemans;Manning,Integrated water management under different water rights institutions,Water Resources Research,10.1029/2024WR037196,goemanschris.txt
Manning,Dale,ENRE,2024,JA,a,U,1,Goemans;Manning,Integrated water management under different water rights institutions,Water Resources Research,10.1029/2024WR037196,goemanschris.txt
Suter,Jordan,ENRE,2025,JA,a,U,0,,Water scarcity compounds negative effects of salinity on irrigated agriculture,Water Resources Research,10.1029/2024wr038504,suterjordan.txt
Suter,Jordan,ENRE,2026,JA,a,,0,,Groundwater management amidst a changing climate: A more severe climate could decrease the value of groundwater conservation,Water Resources Research,10.1029/2025WR040427,Google Scholar
Hill,Alexandra,Ag and Food,2021,JA,b,N,0,,COVID-19 and Farm Workers,Western Economics Forum,10.22004/ag.econ.311308,hillalexandra.txt
Bayham,Jude,ENRE,2021,JA,b,Y,0,,COVID-19 and the renewed migration to the rural west,Western Economics Forum,10.22004/ag.econ.311309,bayhamjude.txt
Bayham,Jude,ENRE,2023,JA,b,Y,0,,The Economics of Wildland Firefighting Aviation Procurement and Effectiveness,Western Economics Forum,10.22004/ag.econ.339590,bayhamjude.txt
DeLay,Nathan,Ag and Food,2024,JA,b,U,1,DeLay;Hoag;Mooney;Ritten,Virtual Fencing: Economic and Policy Implications of an Emerging Livestock Technology,Western Economics Forum,10.22004/ag.econ.349293,mooneydaniel.txt
Hoag,Dana,ENRE,2024,JA,b,U,1,DeLay;Hoag;Mooney;Ritten,Virtual Fencing: Economic and Policy Implications of an Emerging Livestock Technology,Western Economics Forum,10.22004/ag.econ.349293,mooneydaniel.txt
Mooney,Daniel,Ag and Food,2024,JA,b,N,1,DeLay;Hoag;Mooney;Ritten,Virtual Fencing: Economic and Policy Implications of an Emerging Livestock Technology,Western Economics Forum,10.22004/ag.econ.349293,mooneydaniel.txt
Ritten,John,Ag and Food,2024,JA,b,U,1,DeLay;Hoag;Mooney;Ritten,Virtual Fencing: Economic and Policy Implications of an Emerging Livestock Technology,Western Economics Forum,10.22004/ag.econ.349293,mooneydaniel.txt
Ritten,John,Ag and Food,2025,JA,b,N,0,,Identifying a Path Forward: Evaluating Ranch Socio-Economic Sustainability,Western Economics Forum,10.22004/ag.econ.364766,rittenjohn.txt
Mooney,Daniel,Ag and Food,2025,JA,b,Y,1,Mooney;Seidl,Exploring the Potential for Innovative Water Management Strategies to Support Irrigated Farmland Transitions,Western Economics Forum,10.22004/ag.econ.364767,mooneydaniel.txt
Seidl,Andrew,ENRE,2025,JA,b,U,1,Mooney;Seidl,Exploring the Potential for Innovative Water Management Strategies to Support Irrigated Farmland Transitions,Western Economics Forum,10.22004/ag.econ.364767,mooneydaniel.txt
Ritten,John,Ag and Food,2025,JA,b,Y,0,,Labor Changes in the US Beef Industry Magnify Challenges with Succession,Western Economics Forum,10.22004/ag.econ.364770,rittenjohn.txt
Hoag,Dana,ENRE,2022,JA,b,N,0,,Economic Consequences of the Wolf Comeback in the Western United States,Western Economics Forum,nodoi,hoagdana.txt
DeLay,Nathan,Ag and Food,2021,JA,b,N,0,,Farm Data Collection and Software Adoption in Commercial Scale US Corn-Soybean Farms,Western Economics Forum,nodoi,delaynathan.txt
Bayham,Jude,ENRE,2021,JA,b,N,0,,Impacts of the COVID-19 pandemic on agriculture and natural resources in the western US,Western Economics Forum,nodoi,bayhamjude.txt
DeLay,Nathan,Ag and Food,2021,JA,b,Y,0,,Recent Trends in PA Technology Adoption and Bundling in Corn Production,Western Economics Forum,nodoi,delaynathan.txt
Burkhardt,Jesse,ENRE,2021,JA,a,N,0,,Dry landscapes and parched economies: drought impacts on nonagricultural sectors,WIREs Water,10.1002/wat2.1571,burkhardtjesse.txt
Burkhardt,Jesse,ENRE,2022,JA,a,N,0,,Data availability and sector-specific frameworks restrict drought impact quantification,WIREs Water,10.1002/wat2.1586,burkhardtjesse.txt
Magnan,Nicholas,Ag and Food,2025,JA,a,Y,0,,Who is Asking and How? Effects of Survey Mode and Enumerator Gender,World Development,10.1016/j.worlddev.2025.107078,magnannicholas.txt
Magnan,Nicholas,Ag and Food,2026,JA,a,N,0,,Gendered Networks and Demand for an Agricultural Technology in India,World Development,10.1016/j.worlddev.2025.107182,magnannicholas.txt
Koontz,Stephen,Ag and Food,2021,RP,b,N,0,,Price Discovery in Fed Cattle and Beef Markets: Does Volume of Cash Trade Have an Impact,American Farm Bureau Federation Research Report,nodoi,koontzstephen.txt
Costanigro,Marco,Ag and Food,2021,RP,a,N,0,,Reputation Leaders and Quality Laggards (book review AJAE),American Journal of Agricultural Economics,10.1111/ajae.12198,costanigromarco.txt
Countryman,Amanda,Ag and Food,2025,RP,b,N,0,,Modelling the Global Economic Impact of Antimicrobial Resistance in Humans,Center for Global Development Working Paper 713,nodoi,countrymanamanda.txt
Countryman,Amanda,Ag and Food,2022,RP,b,N,0,,The Future of Food and Agricultural Trade with China,Farm Foundation Issue Report,nodoi,countrymanamanda.txt
Goemans,Chris,ENRE,2022,RP,b,Y,1,Goemans;Manning,Producer Beliefs and Conservation: The Impact of Perceived Water Scarcity on Irrigation Technology Adoption,National Bureau of Economic Research,10.3386/w30080,goemanschris.txt
Manning,Dale,ENRE,2022,RP,b,U,1,Goemans;Manning,Producer Beliefs and Conservation: The Impact of Perceived Water Scarcity on Irrigation Technology Adoption,National Bureau of Economic Research,10.3386/w30080,goemanschris.txt
Bayham,Jude,ENRE,2024,RP,b,Y,1,Bayham;Berning;Bonanno,Unemployment and Food Insecurity Amongst Immigrants in the United States,Regional Economic Development Institute,nodoi,berningjoshua.txt
Berning,Joshua,Ag and Food,2024,RP,b,N,1,Bayham;Berning;Bonanno,Unemployment and Food Insecurity Amongst Immigrants in the United States,Regional Economic Development Institute,nodoi,berningjoshua.txt
Bonanno,Alessandro,Ag and Food,2024,RP,b,U,1,Bayham;Berning;Bonanno,Unemployment and Food Insecurity Amongst Immigrants in the United States,Regional Economic Development Institute,nodoi,berningjoshua.txt
Koontz,Stephen,Ag and Food,2024,RP,b,N,0,,Economic Valuation of Landsat Next,United States Geological Survey,nodoi,koontzstephen.txt
Countryman,Amanda,Ag and Food,2022,RP,b,N,0,,Ukraine Conflict Disrupts Agricultural Production and International Trade,Virginia Tech Global Agricultural Productivity Report,nodoi,countrymanamanda.txt
Countryman,Amanda,Ag and Food,2024,RP,b,N,0,,Forecasting the Fallout from AMR (EcoAMR series),World Organisation for Animal Health / World Bank,10.20506/ecoAMR.3539,countrymanamanda.txt
Burkhardt,Jesse,ENRE,2025,WP,b,Y,1,Burkhardt;Hoag;Mooney,Willingness to Participate in Agricultural Water Conservation Programs: Choice Experiment Evidence from the Upper Colorado River Basin,AAEA Conference Paper,10.22004/ag.econ.361067,Google Scholar
Hoag,Dana,ENRE,2025,WP,b,Y,1,Burkhardt;Hoag;Mooney,Willingness to Participate in Agricultural Water Conservation Programs: Choice Experiment Evidence from the Upper Colorado River Basin,AAEA Conference Paper,10.22004/ag.econ.361067,Google Scholar
Mooney,Daniel,Ag and Food,2025,WP,b,Y,1,Burkhardt;Hoag;Mooney,Willingness to Participate in Agricultural Water Conservation Programs: Choice Experiment Evidence from the Upper Colorado River Basin,AAEA Conference Paper,10.22004/ag.econ.361067,Google Scholar
Hoag,Dana,ENRE,2026,WP,b,N,1,Hoag;Mooney,Profitability of Threshold-Based Flex Crop Strategies for Dryland Wheat Rotations,AAEA Conference Paper,10.22004/ag.econ.404698,Google Scholar
Mooney,Daniel,Ag and Food,2026,WP,b,,1,Hoag;Mooney,Profitability of Threshold-Based Flex Crop Strategies for Dryland Wheat Rotations,AAEA Conference Paper,10.22004/ag.econ.404698,Google Scholar
Burkhardt,Jesse,ENRE,2026,WP,b,,0,,Climate variability introduces uncertainty into future emissions pathways,EarthAirXiv,10.31223/X5518B,Google Scholar
Graff,Gregory,Ag and Food,2025,WP,b,,0,,"The contribution of startups, venture finance, and patenting to innovation in US agriculture",USPTO Economic Working Paper,10.2139/ssrn.4892791,Google Scholar
Graff,Gregory,Ag and Food,2026,WP,b,,0,,Diffusion of Genetically Modified Crop Technology: Economic Research Working Paper No. 93,World Intellectual Property Organization (WIPO) Economic Research Working Paper Series,nodoi,Google Scholar
